EntityID,entity_Labels,entity_text,
1,"['__Entity__', 'Bridge']",pont de Carouge,
2,"['__Entity__', 'Landmark']",écoquartier des Vergers,
3,"['__Entity__', 'Landmark']",les Ponts de l'Île,
4,"['__Entity__', 'Landmark']",Les Avanchets,
5,"['__Entity__', 'Landmark']",place Neuve,
6,"['__Entity__', 'Street']",avenue des Communes-Réunies,
7,"['__Entity__', 'Landmark']",quartier de Blandonnet,
8,"['__Entity__', 'Street']",rue du Conseil-Général,
10,"['__Entity__', 'Station']","Grand-Lancy, Pontets",
11,"['__Entity__', 'Station']","Plan-les-Ouates, Trèfle-Blanc",
14,"['__Entity__', 'Location']","46° 13′ 11″ N, 6° 06′ 21″ E 10",
15,"['__Entity__', 'Location']","46° 13′ 33″ N, 6° 04′ 59″ E 10",
16,"['__Entity__', 'Location']","46° 13′ 57″ N, 6° 03′ 32″ E 10",
17,"['__Entity__', 'Time']",1 h,
18,"['__Entity__', 'Location']",6° 08′ 04″ E 10,
19,"['__Entity__', 'Transportation']",Meyrin Tramway,
20,"['__Entity__', 'Transportation']",Genève Tramway,
21,"['__Entity__', 'Transportation']",Vernier Tramway,
22,"['__Entity__', 'Location']","46° 11′ 29″ N, 6° 08′ 38″ E 10",
23,"['__Entity__', 'Location']","46° 12′ 55″ N, 6° 07′ 24″ E 10",
24,"['__Entity__', 'Location']","46° 13′ 48″ N, 6° 04′ 04″ E 10",
25,"['__Entity__', 'Location']","46° 13′ 45″ N, 6° 04′ 17″ E 10",
26,"['__Entity__', 'Location']","46° 14′ 01″ N, 6° 03′ 19″ E 10",
27,"['__Entity__', 'Time']",5 h,
28,"['__Entity__', 'Location']","46° 13′ 06″ N, 6° 06′ 40″ E 10",
29,"['__Entity__', 'Location']","46° 13′ 38″ N, 6° 04′ 42″ E 10",
30,"['__Entity__', 'Location']","46° 13′ 20″ N, 6° 05′ 47″ E 10",
31,"['__Entity__', 'Location']","46° 12′ 48″ N, 6° 07′ 49″ E 10",
32,"['__Entity__', 'Time']",1 h 40,
33,"['__Entity__', 'Transportation']",TAD du Pays de Gex - Ligne « Express »,
35,"['__Entity__', 'Location', 'Infrastructure', 'Town']",Saint-Genis-Pouilly,
36,"['__Entity__', 'Tram Line']",Line 10,
37,"['__Entity__', 'Tramway Stop']","Genève, Augustins",
39,"['__Entity__', 'MonetaryValue']","17,72 millions d'euros",
40,"['__Entity__', 'Infrastructure']",route de l'Europe,
41,"['__Entity__', 'Event']",mise en service,
42,"['__Entity__', 'Infrastructure']",Porte-de-France,
43,"['__Entity__', 'Date']",21 septembre 2018,
44,"['__Entity__', 'MonetaryValue']",15 à 17 millions d'euros,
45,"['__Entity__', 'Event']",abandon,
46,"['__Entity__', 'Event']",non-financement,
47,"['__Entity__', 'MonetaryValue']",43 millions,
48,"['__Entity__', 'Infrastructure']",giratoire de la Porte-de-France,
49,"['__Entity__', 'Event']",première tranche des travaux,
50,"['__Entity__', 'MonetaryValue']","28,6 millions de francs suisses",
51,"['__Entity__', 'MonetaryValue']",26 millions d'euros,
52,"['__Entity__', 'Infrastructure']",terminus actuel du CERN,
53,"['__Entity__', 'Infrastructure']",Bois de Serves,
54,"['__Entity__', 'Plan']",projet,
55,"['__Entity__', 'Money', 'MonetaryValue']",coût,
56,"['__Entity__', 'Event']",problèmes de financement,
57,"['__Entity__', 'Infrastructure']",mairie de Saint-Genis,
58,"['__Entity__', 'Distance']",2 km,
59,"['__Entity__', 'Infrastructure']",bus à haut niveau de service,
60,"['__Entity__', 'Event']",chantier,
61,"['__Entity__', 'MonetaryValue']","21,7 millions de francs",
64,"['__Entity__', 'Company']",gestion des parc relais,
66,"['__Entity__', 'Department']",Mobilités,
67,"['__Entity__', 'Legal Outcome']",Gain de cause,
68,"['__Entity__', 'Tram', 'Vehicle']",Tram 15,
69,"['__Entity__', 'Person']",Benoît Pavageau,
70,"['__Entity__', 'Legal Document']",Huit procédures d'opposition,
71,"['__Entity__', 'Location']",France voisine,
72,"['__Entity__', 'Person']",Maudet,
73,"['__Entity__', 'Location']",Saint-Julien-en-Genevois (F),
74,"['__Entity__', 'Person']",Pierre Maudet,
75,"['__Entity__', 'Concern']",Craintes des frontaliers,
76,"['__Entity__', 'Project', 'Work']",Travaux,
77,"['__Entity__', 'Organization']",Office cantonal des transports,
78,"['__Entity__', 'Court']",Tribunal fédéral,
79,"['__Entity__', 'Location']",Zone industrielle de Plan-les-Ouates (Ziplo),
80,"['__Entity__', 'People']",Commerçants,
81,"['__Entity__', 'People']",17 riverains,
82,"['__Entity__', 'Date']",2025/2026,
83,"['__Entity__', 'Building']",Salle L’Arande,
84,"['__Entity__', 'Legal Action']",Recours,
85,"['__Entity__', 'Project', 'Infrastructure']",Extension du tram 15,
86,"['__Entity__', 'Department']",Transports collectifs,
88,"['__Entity__', 'Action']",mesures provisoires,
89,"['__Entity__', 'Event', 'Action']",recours,
90,"['__Entity__', 'Action']",remise en service d’espaces publics actuellement en travaux,
91,"['__Entity__', 'Statement']",Recours au Tribunal fédéral n'est pas exclu,
92,"['__Entity__', 'Organization']",autorités locales françaises,
93,"['__Entity__', 'Organization']",gouvernement,
94,"['__Entity__', 'Money']",environ 600’000 euros,
95,"['__Entity__', 'Event']",mise en service à l’horizon 2029,
97,"['__Entity__', 'Location']",Centre-ville de Genève,
98,"['__Entity__', 'Location']",Campagne genevoise,
99,"['__Entity__', 'Location']",Lancy et Plan-les-Ouates,
100,"['__Entity__', 'Event']",Inauguration officielle de la ligne 15,
101,"['__Entity__', 'Event']",Suppression d’une piste cyclable,
102,"['__Entity__', 'Location']",La Chapelle-Les Sciers,
103,"['__Entity__', 'Organization']",Lancyclopède,
104,"['__Entity__', 'Person']",Damien Bonfanti,
105,"['__Entity__', 'Person']",Bruno Strasser,
107,"['__Entity__', 'Title']",ministre des mobilités,
108,"['__Entity__', 'Person']","l’ensemble des représentants des autorités communales de Lancy, Confignon Plan-Les-Ouates",
109,"['__Entity__', 'Location']",Plan-Les-Ouates,
110,"['__Entity__', 'Tram']",réseau de six lignes de trams,
111,"['__Entity__', 'Organization']",Conseil d’État,
112,"['__Entity__', 'Location']",Ferney,
113,"['__Entity__', 'Person']",Maire,
114,"['__Entity__', 'Location', 'Facility']",zone industrielle,
115,"['__Entity__', 'Event']",Week-end de l’Escalade,
116,"['__Entity__', 'Location']",Ziplo,
118,"['__Entity__', 'Person']",Maire de Plan-les-Ouates,
119,"['__Entity__', 'Person']",commerçants,
120,"['__Entity__', 'Facility']",beaucoup d’écoles,
121,"['__Entity__', 'Vehicle']",tram 15,
122,"['__Entity__', 'Person']",12 habitants,
123,"['__Entity__', 'Organization']",le ruban,
124,"['__Entity__', 'Person']",14 000 employés,
125,"['__Entity__', 'Person']",habitants,
126,"['__Entity__', 'Person']",Fabienne Monbaron,
128,"['__Entity__', 'Organization']",SPL Territoire d’Innovation,
129,"['__Entity__', 'Vehicle']",Voiture,
130,"['__Entity__', 'Infrastructure']",Tramway Nations – Grand-Saconnex,
131,"['__Entity__', 'Location']",Carrefour du Bisou,
132,"['__Entity__', 'Location']",Quartier Ferney-Genève Innovation,
133,"['__Entity__', 'Location']",Pays de Gex agglo,
134,"['__Entity__', 'Location']",Gare de Sécheron,
135,"['__Entity__', 'Location']",Pays de Gex,
136,"['__Entity__', 'Infrastructure']",BHNS,
137,"['__Entity__', 'Number']",60,
139,"['__Entity__', 'Transport']",BHNS (ligne 60),
140,"['__Entity__', 'Characteristic']",P+R de plus d'une centaine de places,
141,"['__Entity__', 'Transport']",Tram de Ferney,
142,"['__Entity__', 'Characteristic']",Cadence d'un tram toutes les 6 minutes aux heures de pointe,
144,"['__Entity__', 'Intersection']",Carrefour Commerce/Pasteur/Vétérans,
145,"['__Entity__', 'State']",Entrée/sortie,
146,"['__Entity__', 'State']",Accès impossible,
147,"['__Entity__', 'Work']",Pose des pavés,
148,"['__Entity__', 'Part']",Intérieur de la future fontaine,
149,"['__Entity__', 'Street', 'Avenue']",Avenue Jules Ferry,
150,"['__Entity__', 'Work']",Pose du dallage,
151,"['__Entity__', 'State']",Fermé,
152,"['__Entity__', 'Transport', 'Infrastructure', 'Tram', 'Transportation_Mean']",Tram,
153,"['__Entity__', 'Street']",Rue René Blanc,
154,"['__Entity__', 'Location', 'Street']",Rue des Vétérans,
155,"['__Entity__', 'Network']",Réseau de chaleur,
156,"['__Entity__', 'Work']",Enlèvement des chanfreins en enrobés,
157,"['__Entity__', 'Square']",Place de l'Hôtel de Ville,
158,"['__Entity__', 'Part']",Voirie,
159,"['__Entity__', 'Work']",Piétonnisation,
160,"['__Entity__', 'Work']",Extension,
161,"['__Entity__', 'Parking']",Parking public,
162,"['__Entity__', 'Organization', 'City']",Ville,
163,"['__Entity__', 'Street']",Rue Paul Bert,
164,"['__Entity__', 'Street']",Rue du Commerce,
165,"['__Entity__', 'Intersection']",Carrefour Pasteur/Commerce/Vétérans,
166,"['__Entity__', 'Part']",Côté du Globe,
167,"['__Entity__', 'Work']",Prolongement,
168,"['__Entity__', 'Tavern']",Taverne de Maître Kanter,
169,"['__Entity__', 'City Center']",Centre-ville,
170,"['__Entity__', 'Action']",Prise en charge du coût du stationnement,
171,"['__Entity__', 'Street']",Rue de la Gare,
172,"['__Entity__', 'State']",Prise en charge,
173,"['__Entity__', 'Direction']",Sens unique,
176,"['__Entity__', 'Street']",parc Montessuit,
177,"['__Entity__', 'Tool']",camions,
178,"['__Entity__', 'Facility']",regard,
179,"['__Entity__', 'Event']",installation,
180,"['__Entity__', 'Street']",arrêt de tram,
181,"['__Entity__', 'Infrastructure', 'Facility']",réseaux,
182,"['__Entity__', 'Tool']",équipements lourds,
183,"['__Entity__', 'Event']",proposer une solution adaptée,
184,"['__Entity__', 'Street']",rue René Blanc,
185,"['__Entity__', 'State']",circulation impossible,
186,"['__Entity__', 'Event', 'Concept']",circulation,
187,"['__Entity__', 'Event']",circulation piétonne,
188,"['__Entity__', 'Street']",plateforme du tram,
189,"['__Entity__', 'Location', 'Street']",rue du Faucigny,
190,"['__Entity__', 'Event']",intervenir sur les réseaux souterrains,
191,"['__Entity__', 'Tool']",grue,
192,"['__Entity__', 'Street']",rue,
193,"['__Entity__', 'Characteristic']",n’ont pas pu être dévoyés,
194,"['__Entity__', 'Event']",contacter,
195,"['__Entity__', 'Street']",rue Paul Bert,
196,"['__Entity__', 'Street']",av. Jules Ferry,
197,"['__Entity__', 'Email']",contact@tram-pietonnisation.fr,
198,"['__Entity__', 'Characteristic']",situés,
199,"['__Entity__', 'Characteristic']",souterrains,
202,"['__Entity__', 'Date']",lundi 21 octobre,
203,"['__Entity__', 'Purpose']",rejoindre le parking Montessuit/Hôtel de Ville depuis la rue de Genève,
204,"['__Entity__', 'Purpose']",améliorer la sécurité de circulation,
205,"['__Entity__', 'Change']",modification,
206,"['__Entity__', 'Effect']",suppression de l’accès au parking Montessuit/Hôtel de Ville depuis la rue de la Gare,
207,"['__Entity__', 'Organization']",Annemasse Agglo,
208,"['__Entity__', 'Access']",accès,
209,"['__Entity__', 'Effect']",nuisances sonores,
210,"['__Entity__', 'Purpose']",rejoindre le parking Montessuit/Hôtel de Ville depuis l’avenue Emile Zola,
211,"['__Entity__', 'Event', 'Work']",travaux,
212,"['__Entity__', 'Status']",impossible,
213,"['__Entity__', 'Status']",double sens,
214,"['__Entity__', 'Date']",21 octobre 2024,
215,"['__Entity__', 'Street']",rue Camps,
216,"['__Entity__', 'Action']",mise à double sens,
224,"['__Entity__', 'Street']",avenue Pasteur,
225,"['__Entity__', 'Date']",9 septembre,
226,"['__Entity__', 'Event']",déviation,
227,"['__Entity__', 'Organization']",La Maison de l’eau,
228,"['__Entity__', 'Date']",29 juillet,
229,"['__Entity__', 'Event']",enlèvement des mobiliers mis à disposition,
230,"['__Entity__', 'Location']",au droit des PAV place Libération,
231,"['__Entity__', 'Street']",avenue Henri Barbusse,
232,"['__Entity__', 'Location']",entre Commerce et René Blanc,
233,"['__Entity__', 'Date']",23 septembre,
236,"['__Entity__', 'City', 'Location', 'Commune', 'Geographical Area', 'Station', 'Place', 'Municipality', 'Node', 'PopulatedPlace']",Genève,
237,"['__Entity__', 'Location', 'Station', 'Place', 'Landmark', 'Locality']",Coutance,
238,"['__Entity__', 'Station']","Genève, Jonction",
239,"['__Entity__', 'Location', 'Station', 'Place', 'Park', 'Landmark', 'Locality']",Parc Montessuit,
240,"['__Entity__', 'Station']","Bernex, Hainard",
241,"['__Entity__', 'City', 'Location', 'Neighborhood', 'Station', 'Place', 'Train Station', 'Stationnement vélos']",Lancy-Pont-Rouge,
242,"['__Entity__', 'Station', 'Locality']","Genève, Poterie",
243,"['__Entity__', 'Location', 'Station', 'Place', 'Street', 'Administrative Area']",Avenue du Pailly,
244,"['__Entity__', 'Station', 'Locality']","Vernier, Blandonnet",
245,"['__Entity__', 'Location', 'Station', 'Tram Stop', 'Tramway Stop']","Meyrin, CERN",
246,"['__Entity__', 'Station', 'Train station', 'Transportation Hub']","Genève, gare Cornavin",
247,"['__Entity__', 'Location', 'Station', 'Commercial Building']",Centre commercial Balexert,
248,"['__Entity__', 'Location', 'Station']","Confignon, croisée",
249,"['__Entity__', 'Location', 'Station', 'Tram Stop', 'Tramway Stop']","Grand-Lancy, Palettes",
250,"['__Entity__', 'Location', 'Infrastructure', 'Station', 'Place', 'Transportation Hub']",Dépôt En Chardon,
251,"['__Entity__', 'Location', 'Station']",Genève-Aéroport/Lausanne,
252,"['__Entity__', 'Location', 'Neighborhood', 'Station', 'Place', 'Municipality', 'Landmark']",Moillesulaz,
253,"['__Entity__', 'Station']","Petit-Lancy, Quidort",
254,"['__Entity__', 'Station']",Genève-La Praille,
255,"['__Entity__', 'Station']",Axe de la piste 04/22 de l'aéroport international de Genève,
256,"['__Entity__', 'Station']","Meyrin, Forumeyrin",
257,"['__Entity__', 'Station', 'Locality']","Genève, Vieusseux",
258,"['__Entity__', 'City', 'Location', 'Station', 'Place', 'Municipality', 'PopulatedPlace']",Annemasse,
259,"['__Entity__', 'Station']","Vernier, Bouchet",
260,"['__Entity__', 'Location', 'Station', 'Transportation Hub']",Gare de Genève-Cornavin,
261,"['__Entity__', 'Station']",CEVA/Jonction,
262,"['__Entity__', 'Station']","Onex, Bandol",
263,"['__Entity__', 'Location', 'Station', 'Tram_stop']","Bernex, Vailly",
264,"['__Entity__', 'Location', 'Station', 'Locality', 'Tramway Stop']","Meyrin, Gravière",
265,"['__Entity__', 'Location', 'Station', 'Place', 'Street']",Route de Pré-Bois,
266,"['__Entity__', 'Station']","Petit-Lancy, place",
267,"['__Entity__', 'Station']","Meyrin, Vaudagne",
268,"['__Entity__', 'Station']","Meyrin, Jardin-Alpin-Vivarium",
269,"['__Entity__', 'Location', 'Infrastructure', 'Station']",gare,
270,"['__Entity__', 'Station']","Bernex, Luchepelet",
271,"['__Entity__', 'Location', 'Station', 'Tram Station', 'Stop', 'Landmark', 'Locality']",Nations,
272,"['__Entity__', 'Station']",Bel-Air Le Rhône,
273,"['__Entity__', 'Station']","Genève, Palladium",
274,"['__Entity__', 'Station']","Bernex, Pré-Marais",
275,"['__Entity__', 'Station']",L'Île Le Rhône,
276,"['__Entity__', 'Station', 'Locality']","Vernier, Balexert",
277,"['__Entity__', 'Station']","Confignon, La Dode",
278,"['__Entity__', 'Location', 'Station']","Bernex, P+R",
279,"['__Entity__', 'Station']","Onex, Salle communale",
280,"['__Entity__', 'Location', 'Station', 'Stop', 'PublicTransportStop', 'Tram_stop']",L'Arve,
281,"['__Entity__', 'Station']",Route du Pont-Butin,
282,"['__Entity__', 'Station', 'Locality']","Genève, Lyon",
283,"['__Entity__', 'Station', 'Locality']","Vernier, Avanchet",
284,"['__Entity__', 'Station']","Petit-Lancy, Les Esserts",
285,"['__Entity__', 'Station', 'Locality']","Genève, Servette",
287,"['__Entity__', 'Location', 'Station', 'Place', 'Administrative Area', 'TrainStation']",Cornavin,
288,"['__Entity__', 'Location', 'Facility', 'Place', 'Landmark']",CERN,
289,"['__Entity__', 'Location', 'Place']",Genève-Cornavin,
290,"['__Entity__', 'Location', 'Place', 'Locality']",Axe de la piste 04/22,
291,"['__Entity__', 'Infrastructure', 'Place']",P+R,
292,"['__Entity__', 'Location', 'Commune', 'Place']",Confignon,
293,"['__Entity__', 'Place']",Forumeyrin,
294,"['__Entity__', 'City', 'Location', 'Place', 'Municipality', 'PopulatedPlace']",Thônex,
295,"['__Entity__', 'Line', 'Transportation', 'Tram', 'Tram_line', 'Transportation Line']",Ligne 12,
296,"['__Entity__', 'Location', 'TransportLine', 'Transport', 'Line', 'Transportation', 'Tram Line', 'Tramway', 'Bus', 'Tram', 'TramwayLine', 'TransportationLine', 'PublicTransportLine', 'Tram_line', 'Transportation Line']",Ligne 15,
297,"['__Entity__', 'Location', 'Place', 'Stop', 'Tram_stop']",Le Rhône,
298,"['__Entity__', 'Location', 'Place', 'Landmark']",Balexert,
299,"['__Entity__', 'City', 'Location', 'Place', 'Populated_Place', 'Municipality']",Meyrin,
300,"['__Entity__', 'Location', 'Place', 'Landmark']",Poterie,
301,"['__Entity__', 'Location', 'Place', 'Landmark', 'Locality']",Bouchet,
302,"['__Entity__', 'Tramway', 'Tram', 'TramwayLine', 'Transport Route', 'Tram_line']",Ligne 18,
303,"['__Entity__', 'Location', 'Place']",Gravière,
304,"['__Entity__', 'Place']",Salle communale,
305,"['__Entity__', 'Location', 'Place', 'Landmark']",Servette,
306,"['__Entity__', 'Place']",Bandol,
307,"['__Entity__', 'City', 'Location', 'Place', 'Landmark', 'Stationnement vélos']",Lancy-Bachet,
308,"['__Entity__', 'Place']",Hainard,
309,"['__Entity__', 'Place']",Palettes Genève,
310,"['__Entity__', 'Location', 'Place', 'Landmark']",Vailly,
311,"['__Entity__', 'Location', 'Place']",Blandonnet,
312,"['__Entity__', 'Place']",Vaudagne,
313,"['__Entity__', 'City', 'Location', 'Place', 'Municipality', 'Landmark']",Grand-Lancy,
314,"['__Entity__', 'Place']",Nations Genève,
315,"['__Entity__', 'Place', 'Landmark']",Bel-Air,
316,"['__Entity__', 'City', 'Location', 'Place', 'Populated_Place', 'Municipality']",Vernier,
317,"['__Entity__', 'Location', 'Place', 'Landmark']",Vieusseux,
318,"['__Entity__', 'Location', 'Station', 'Place', 'Municipality']",Lausanne,
319,"['__Entity__', 'Location', 'Commune', 'Place']",Onex,
320,"['__Entity__', 'Place']",L'Île Genève,
321,"['__Entity__', 'Place']",Luchepelet,
322,"['__Entity__', 'Line', 'Tram', 'PublicTransportLine']",Ligne 17,
323,"['__Entity__', 'City', 'Location', 'Place', 'Landmark']",Lyon,
324,"['__Entity__', 'Place']",La Dode,
325,"['__Entity__', 'Place']",Pré-Marais,
326,"['__Entity__', 'City', 'Location', 'Commune', 'Place']",Bernex,
330,"['__Entity__', 'Location', 'Neighborhood', 'Facility', 'Station', 'Tram Station', 'Tram Depot', 'Depot']",Bachet-de-Pesay,
331,"['__Entity__', 'Organization', 'Tramway']",TCOB,
332,"['__Entity__', 'Transportation', 'PublicTransitLine']",ligne 14,
333,"['__Entity__', 'Location']",Chancy,
334,"['__Entity__', 'Transportation']",ligne 22,
335,"['__Entity__', 'Location']",Avanchet,
336,"['__Entity__', 'Transportation']",ligne 4,
337,"['__Entity__', 'Organization', 'Tramway']",TCMC,
338,"['__Entity__', 'Location']",quai de la Poste,
339,"['__Entity__', 'Location']",Meyrin-Gravière,
340,"['__Entity__', 'City', 'Location', 'District', 'Municipality', 'PopulatedPlace']",Carouge,
341,"['__Entity__', 'Transportation']",ligne 2,
342,"['__Entity__', 'Transportation', 'Tramway', 'Tramway Line', 'Tram', 'Transportation_line']",ligne 15,
343,"['__Entity__', 'Location']",ieurs quartiers de Genève,
344,"['__Entity__', 'Location', 'Transportation', 'Tram Station']",Gare Cornavin,
345,"['__Entity__', 'Location']",quelques communes de l'agglomération,
347,"['__Entity__', 'Year']",2008,
348,"['__Entity__', 'Year']",2011,
349,"['__Entity__', 'Year']",2014,
350,"['__Entity__', 'Date']",mercredi 31 juillet 2024,
351,"['__Entity__', 'Street']",rue du Commerce,
352,"['__Entity__', 'Date']",20 septembre,
353,"['__Entity__', 'Street']",rue Blanc,
354,"['__Entity__', 'Time']",6h du matin,
355,"['__Entity__', 'Street']",route des Vallées,
356,"['__Entity__', 'Street']",rue Bert,
357,"['__Entity__', 'Date']",22 septembre,
358,"['__Entity__', 'Date']",début septembre,
359,"['__Entity__', 'Event']",intervention de réhabilitation sans tranchées,
360,"['__Entity__', 'Street']",La rue Malbrande,
361,"['__Entity__', 'Time']",soir,
362,"['__Entity__', 'Date']",mardi 30 juillet 2024,
363,"['__Entity__', 'Description']",dévoiement des réseaux d’assainissement et d’eau potable en prévision de la future implantation définitive des PAV enterrés,
364,"['__Entity__', 'Event']",travaux de piétonnisation,
365,"['__Entity__', 'Time']",matin,
366,"['__Entity__', 'Status', 'TrafficDirection']",sens unique,
368,"['__Entity__', 'Event', 'Work']",Coupure d’eau,
369,"['__Entity__', 'Infrastructure']",PAV,
370,"['__Entity__', 'Street']",Rue du Mont-Blanc,
371,"['__Entity__', 'Street']",Avenue Ferry,
372,"['__Entity__', 'Location', 'Street']",Rue des Voirons,
373,"['__Entity__', 'Event']",Coupures d’électricité,
374,"['__Entity__', 'Event']",Coupures de gaz,
375,"['__Entity__', 'Street', 'Avenue']",Avenue Pasteur,
377,"['__Entity__', 'Date']",1er juillet,
378,"['__Entity__', 'Location']",Rue Madame Fleutet,
379,"['__Entity__', 'Event']",Intervention sur les bornes d’accès,
380,"['__Entity__', 'Event']",Végétaliser une partie de la place,
381,"['__Entity__', 'Event']",Accès bornes,
382,"['__Entity__', 'Event']",Plantation des arbres,
383,"['__Entity__', 'Location']",Impasse du Faucigny,
384,"['__Entity__', 'Event']",Pose du mobilier urbain,
385,"['__Entity__', 'Location', 'Street']",Rue du Faucigny,
386,"['__Entity__', 'Time']",11h,
387,"['__Entity__', 'Location']",Place Jean-Jacques Rousseau,
388,"['__Entity__', 'Time']",7h,
389,"['__Entity__', 'Date']",22 juillet,
390,"['__Entity__', 'Date']",Automne,
391,"['__Entity__', 'Date']",8 juillet,
392,"['__Entity__', 'Event']",Accès des riverains,
393,"['__Entity__', 'Event']",Accès riverains modifié,
394,"['__Entity__', 'Date']",9 juillet,
395,"['__Entity__', 'Location']",Rue des Platanes,
396,"['__Entity__', 'Date']",19 juillet,
401,"['__Entity__', 'Event']",coupure d'eau,
402,"['__Entity__', 'Event']",fermeture à la circulation,
403,"['__Entity__', 'Road', 'Street']",Rue Aristide Briand,
404,"['__Entity__', 'Street']",rue du Chablais,
405,"['__Entity__', 'Street']",rue Adolphe Magnin,
406,"['__Entity__', 'Person']",abonnés,
407,"['__Entity__', 'Department']",service d'eau,
408,"['__Entity__', 'Street']",rue du Mont-Blanc,
411,"['__Entity__', 'Event']",Accès rue des Vétérans,
412,"['__Entity__', 'Person']",Riverains,
413,"['__Entity__', 'Event']",Travaux de piétonnisation,
414,"['__Entity__', 'Event']",Travaux de dévoiement des réseaux humides,
415,"['__Entity__', 'Street']",Rue du stade Albert Baud,
416,"['__Entity__', 'Date']",Mardi,
417,"['__Entity__', 'Date']",17 juin 2024,
418,"['__Entity__', 'Organization']",Service d’eau d’Annemasse Agglo,
419,"['__Entity__', 'Date']",28 mai 2024,
420,"['__Entity__', 'Organization']",Ville d’Annemasse,
424,"['__Entity__', 'Work']",travaux de dévoiement du réseau d’eau potable rue de Romagny et route des Vallées,
425,"['__Entity__', 'Duration']",3 semaines,
426,"['__Entity__', 'Location', 'Street']",rue des Voirons,
427,"['__Entity__', 'Organization']",service Eau et Assainissement d’Annemasse Agglo,
428,"['__Entity__', 'Location', 'Street']",rue de la Gare,
429,"['__Entity__', 'Shop']",boulangerie Etienne,
430,"['__Entity__', 'Duration']",1 mois,
431,"['__Entity__', 'Place']",place Deffaugt,
432,"['__Entity__', 'Date']",13 mai,
433,"['__Entity__', 'Goal']",raccorder de nouveaux abonnés,
434,"['__Entity__', 'Event', 'Work']",Coupures d’eau,
435,"['__Entity__', 'Goal']",étendre le réseau de chaleur urbain,
436,"['__Entity__', 'Work']",travaux de dévoiement du réseau d’eau potable avenue Pasteur,
440,"['__Entity__', 'Date']",06/03,
441,"['__Entity__', 'Street']",rues René Blanc,
442,"['__Entity__', 'Location', 'Street']",rue des Vétérans,
443,"['__Entity__', 'Date']",28/02,
444,"['__Entity__', 'Street']",Av. Henri Barbusse,
445,"['__Entity__', 'Date']",05/03,
446,"['__Entity__', 'Date']",11/03,
447,"['__Entity__', 'Street']",rue des Tournelles,
448,"['__Entity__', 'Street']",rue des Platanes,
449,"['__Entity__', 'Date']",29/02,
450,"['__Entity__', 'Date']",12/03,
451,"['__Entity__', 'Street']",rues Paul Bert,
452,"['__Entity__', 'Year', 'Date']",2024,
454,"['__Entity__', 'Event']",Coupures d’eau rue Mme Fleutet,
455,"['__Entity__', 'Event']",Modification de circulation du rond-point de l’Etoile,
456,"['__Entity__', 'Event']",Coupures d’eau rue des Tournelles,
457,"['__Entity__', 'Event']",Stationnements,
458,"['__Entity__', 'Infrastructure']",Bassin de rétention rue des Tournelles,
459,"['__Entity__', 'Event']",Coupures d’eau rue du Faucigny,
460,"['__Entity__', 'Event']",Fluidification de la circulation vers Alsace-Lorraine,
461,"['__Entity__', 'Event']",Avenue de la Gare et rue du Môle en double sens,
464,"['__Entity__', 'Period']",week-end,
465,"['__Entity__', 'Period']",de 8h30 à 15h,
466,"['__Entity__', 'Parking']",parking place des marchés,
467,"['__Entity__', 'Date']",mercredi 21 février 2024,
468,"['__Entity__', 'Period']",de 7h30 à 18h,
469,"['__Entity__', 'Tramway']",MC,
470,"['__Entity__', 'Year']",2007,
471,"['__Entity__', 'Year']",2012,
472,"['__Entity__', 'Year']",2003,
473,"['__Entity__', 'Location', 'Tramway', 'Bus', 'Tram_line', 'Transportation Line']",Ligne 14,
474,"['__Entity__', 'Year', 'Date']",2009,
476,"['__Entity__', 'Event']",difficultés financières,
477,"['__Entity__', 'Money']",100 millions de francs suisses,
478,"['__Entity__', 'Event']",forte opposition,
479,"['__Entity__', 'Building']",1 600 logements,
480,"['__Entity__', 'Event']",pandémie de Covid-19,
482,"['__Entity__', 'Event']",La phase d'essais du nouveau tronçon,
483,"['__Entity__', 'Location']",route de Lancy,
484,"['__Entity__', 'Location']",rue de Stand,
485,"['__Entity__', 'Location']",route de Chancy,
486,"['__Entity__', 'Location']",quai du Rhône,
487,"['__Entity__', 'Location', 'Place']",place Bel-Air,
488,"['__Entity__', 'Facility']",La ligne,
489,"['__Entity__', 'Distance']","15,1 km",
490,"['__Entity__', 'Date']",8 juin 2021,
491,"['__Entity__', 'Date']",4 juillet,
492,"['__Entity__', 'Location']",parc relais Vailly,
493,"['__Entity__', 'City', 'Location', 'District', 'Commune', 'Municipality', 'PopulatedPlace']",Lancy,
494,"['__Entity__', 'Location']",rue des Deux-Ponts,
496,"['__Entity__', 'Infrastructure']",Ponts-de-l'Île,
497,"['__Entity__', 'Street']",rue Lect,
498,"['__Entity__', 'Street']",rue de la Servette,
499,"['__Entity__', 'Street']",avenue de Vaudagne,
500,"['__Entity__', 'Street']",rue de la Pépinière,
501,"['__Entity__', 'Park']",Jardin Alpin,
502,"['__Entity__', 'Street']",rues de Cornavin,
503,"['__Entity__', 'Street']",route de Meyrin,
504,"['__Entity__', 'Street']",rue De-Livron,
505,"['__Entity__', 'Street']",passage de Montbrillant,
506,"['__Entity__', 'Street']",rues de Coutance,
507,"['__Entity__', 'Location', 'Infrastructure']",aéroport international de Genève,
508,"['__Entity__', 'Neighborhood']",quartier de la Gravière,
509,"['__Entity__', 'Geographical_feature']",Rhône,
510,"['__Entity__', 'Service', 'Transportation_line']",Ligne,
511,"['__Entity__', 'Religious_building']",Basilique Notre-Dame,
512,"['__Entity__', 'Place']",place de Saint-Gervais,
513,"['__Entity__', 'Infrastructure', 'Tramway', 'Transportation_line', 'TramwayLine']",ligne 18,
514,"['__Entity__', 'Place']",place des XXII-Cantons,
515,"['__Entity__', 'Infrastructure']",gare de Genève-Cornavin,
517,"['__Entity__', 'Location']","46° 10′ 50″ N, 6° 05′ 40″ E 10 Confignon",
518,"['__Entity__', 'Location']","46° 12′ 10″ N, 6° 07′ 59″ E 10 Genève",
519,"['__Entity__', 'Location']","46° 12′ 17″ N, 6° 08′ 36″ E 10 Genève",
520,"['__Entity__', 'Location']","46° 11′ 25″ N, 6° 07′ 09″ E 10 Lancy",
521,"['__Entity__', 'Location']","46° 12′ 34″ N, 6° 08′ 20″ E 10 Genève",
522,"['__Entity__', 'Location']","46° 10′ 43″ N, 6° 05′ 20″ E 10 Confignon",
523,"['__Entity__', 'Location']","46° 11′ 00″ N, 6° 06′ 00″ E 10 Onex",
524,"['__Entity__', 'Location']","46° 12′ 26″ N, 6° 08′ 32″ E 10 Genève",
525,"['__Entity__', 'Location']","46° 11′ 37″ N, 6° 07′ 26″ E 10 Lancy",
526,"['__Entity__', 'Location']","46° 12′ 41″ N, 6° 08′ 04″ E 10 Genève",
527,"['__Entity__', 'Location']","46° 12′ 04″ N, 6° 07′ 48″ E 10 Genève",
528,"['__Entity__', 'Location']","46° 10′ 42″ N, 6° 05′ 04″ E 10 Bernex",
529,"['__Entity__', 'Location']","46° 12′ 48″ N, 6° 07′ 49″ E 10 Genève",
530,"['__Entity__', 'Location']","46° 12′ 35″ N, 6° 08′ 31″ E 10 Genève",
531,"['__Entity__', 'Location']",42″ E 10 Bernex,
532,"['__Entity__', 'Location']","46° 12′ 13″ N, 6° 08′ 26″ E 10 Genève",
533,"['__Entity__', 'Location']","46° 11′ 10″ N, 6° 06′ 26″ E 10 Onex",
534,"['__Entity__', 'Location']","46° 11′ 18″ N, 6° 06′ 50″ E 10 Lancy",
536,"['__Entity__', 'Time']",5 h 10 à 2 h 45,
537,"['__Entity__', 'Vehicle']",Rames,
538,"['__Entity__', 'Vehicle']",Tramways,
539,"['__Entity__', 'Transportation', 'Tram Line', 'Vehicle', 'Transport Type']",Tramway,
540,"['__Entity__', 'GeoCoordinates']","46° 13′ 45″ N, 6° 04′ 57″ E",
541,"['__Entity__', 'GeoCoordinates']","46° 13′ 20″ N, 6° 05′ 47″ E",
542,"['__Entity__', 'GeoCoordinates']","46° 14′ 00″ N, 6° 04′ 39″ E",
543,"['__Entity__', 'Bus Line', 'Vehicle', 'Transportation_Mean']",Bus,
544,"['__Entity__', 'GeoCoordinates']","46° 13′ 06″ N, 6° 06′ 40″ E",
545,"['__Entity__', 'Vehicle', 'Transport Type']",Trolleybus,
546,"['__Entity__', 'GeoCoordinates']","46° 13′ 33″ N, 6° 04′ 59″ E",
547,"['__Entity__', 'Location', 'Station', 'Tram Station', 'Stop']",Stand,
548,"['__Entity__', 'GeoCoordinates']","46° 12′ 55″ N, 6° 07′ 24″ E",
549,"['__Entity__', 'Time']",4 h 40 à 0 h 40,
550,"['__Entity__', 'Speed']","17,45 km/h",
551,"['__Entity__', 'Time']",5 h 10 à 1 h 15,
552,"['__Entity__', 'GeoCoordinates']","46° 14′ 11″ N, 6° 04′ 54″ E",
553,"['__Entity__', 'Service']",Noctambus,
554,"['__Entity__', 'GeoCoordinates']","46° 13′ 11″ N, 6° 06′ 21″ E",
555,"['__Entity__', 'Duration']",50 minutes,
556,"['__Entity__', 'GeoCoordinates']","46° 12′ 59″ N, 6° 07′ 05″ E",
558,"['__Entity__', 'Art_Project']",Art&tram,
559,"['__Entity__', 'Station', 'Building', 'Tram_stop']","Genève, Bel-Air",
560,"['__Entity__', 'Tram Model', 'Tram', 'Vehicle', 'Equipment', 'Vehicle Model']",Stadler Tango,
561,"['__Entity__', 'Institution']",Fonds cantonal d'art contemporain,
562,"['__Entity__', 'Art_Installation']",installation artistique,
563,"['__Entity__', 'Organization', 'Company', 'Community', 'Transportation Authority', 'Fare System']",Unireso,
564,"['__Entity__', 'Vehicle']",rame de tram,
565,"['__Entity__', 'Number_of_trips']","21,516 millions de voyages",
566,"['__Entity__', 'Tramway']",Ligne 71-17,
567,"['__Entity__', 'Art_Collective']",collectif féminin « Les Indociles »,
568,"['__Entity__', 'Art_Installation']",exposition visuelle et sonore,
569,"['__Entity__', 'Zone']",zone 10,
570,"['__Entity__', 'Institution']",Service cantonal de la culture,
571,"['__Entity__', 'Tram Model', 'Tram', 'Vehicle', 'Equipment', 'Vehicle Model']",Bombardier Cityrunner,
574,"['__Entity__', 'Organization', 'Company']",Fondation des Parkings,
575,"['__Entity__', 'Location']",Ligne Longeray-Léaz - Bouveret,
576,"['__Entity__', 'Organization']",Transports publics genevois (TPG),
577,"['__Entity__', 'Organization']",Chemins de fer fédéraux suisses (CFF),
578,"['__Entity__', 'Organization']",Société nationale des chemins de fer français (SNCF),
579,"['__Entity__', 'Location']",Ligne La Roche-sur-Foron - Saint-Gervais-les-Bains,
580,"['__Entity__', 'Organization']",Unireso Léman Pass Lémanis,
581,"['__Entity__', 'Location']",Ligne Aix-les-Bains - Annemasse,
582,"['__Entity__', 'Location']",Ligne Châtelaine (bif) - frontière - Bellegarde,
583,"['__Entity__', 'Organization']",esay,
584,"['__Entity__', 'Location']",Kiosques du tramway CEVA,
585,"['__Entity__', 'Location', 'Infrastructure']",Dépôt de La Jonction,
587,"['__Entity__', 'Tramway', 'Tram Network', 'TramwayNetwork', 'PublicTransportNetwork', 'Tramway System']",Tramway de Genève,
588,"['__Entity__', 'Date']",28 mai 1995,
589,"['__Entity__', 'Location', 'Neighborhood', 'Station', 'Tram Station', 'Stop', 'Landmark']",Plainpalais,
590,"['__Entity__', 'Tram Station', 'Landmark']",Marché,
591,"['__Entity__', 'Tramway']",Ligne 13 du tramway de Genève,
592,"['__Entity__', 'Location', 'Tram Station']",De Staël,
593,"['__Entity__', 'Tram Station', 'Landmark']",Armes,
594,"['__Entity__', 'Location', 'Neighborhood', 'Station', 'Tram Station', 'Landmark', 'Locality']",Palettes,
595,"['__Entity__', 'Location', 'Tram Station', 'Landmark']",Augustins,
596,"['__Entity__', 'Location', 'Tram Station']",Pontets,
597,"['__Entity__', 'Tram Station']",Sismondi,
598,"['__Entity__', 'Organization', 'Company', 'Transportation Company', 'PublicTransportOperator']",Transports publics genevois,
599,"['__Entity__', 'Tram Station', 'Landmark']",Blanche,
600,"['__Entity__', 'Location', 'Station', 'Tram Station', 'Stop']",Cirque,
601,"['__Entity__', 'Tram Station']",Isaac-Mercier / Goulart,
602,"['__Entity__', 'Date']",13 décembre 2003,
603,"['__Entity__', 'Transportation', 'Tramway', 'Tram', 'Train']",Ligne 13,
604,"['__Entity__', 'Location', 'Tram Station']",Trèfle-Blanc,
605,"['__Entity__', 'Transport', 'Tramway']",Ligne 11,
606,"['__Entity__', 'Tram Station']",Ancienne Carouge,
607,"['__Entity__', 'Transportation', 'Vehicle', 'Vehicle Model']",Duewag-Vevey DAV,
608,"['__Entity__', 'Location', 'Tram Station', 'Stop']",Butini,
609,"['__Entity__', 'Location', 'Tram Station', 'Landmark']",Pont-d'Arve,
610,"['__Entity__', 'Date']",11 décembre 2011,
611,"['__Entity__', 'Location', 'Tram Station', 'Stop']",Môle,
613,"['__Entity__', 'Transportation']",Services partiels,
614,"['__Entity__', 'Identifier']",Indice,
615,"['__Entity__', 'Transportation']",Be 4/8,
616,"['__Entity__', 'TransportLine', 'Line', 'Transportation']",Ligne D,
617,"['__Entity__', 'Date']",27 mai 1995,
618,"['__Entity__', 'Transportation', 'Place']",Gare,
619,"['__Entity__', 'Organization', 'Company', 'Transportation Network', 'Transportation Company']",TPG,
620,"['__Entity__', 'Location']",Blanche Armes,
621,"['__Entity__', 'Transportation']",Be 4/6,
622,"['__Entity__', 'Transportation']",Tramway Genève-Saint-Julien-en-Genevois,
623,"['__Entity__', 'Location']",Marché Ancienne,
625,"['__Entity__', 'TramwayLine']",ligne 13,
626,"['__Entity__', 'Location', 'TramwayStop']",Rondeau de Carouge,
627,"['__Entity__', 'TramwayLine']",lignes 12 entre Plainpalais et Palettes et 15 entre Plainpalais et Nations,
631,"['__Entity__', 'Organization']",TAC,
632,"['__Entity__', 'City']",Évian-les-Bains,
633,"['__Entity__', 'Organization']",TER Auvergne-Rhône-Alpes Tramway,
634,"['__Entity__', 'Organization']",SIBRA,
635,"['__Entity__', 'Organization']",Mobi'Vals,
636,"['__Entity__', 'Region']",Auvergne-Rhône-Alpes,
637,"['__Entity__', 'Organization']",Star't,
638,"['__Entity__', 'Country']",Suisse,
639,"['__Entity__', 'Organization', 'Company']",Lémanis,
640,"['__Entity__', 'Organization']",ÉVA'D,
641,"['__Entity__', 'Infrastructure', 'Transport Route']",Ligne Châtelaine,
642,"['__Entity__', 'Region', 'Location', 'Geographical Area']",Haute-Savoie,
643,"['__Entity__', 'City']",Saint-Gervais-les-Bains,
644,"['__Entity__', 'City', 'Location']",Nyon,
645,"['__Entity__', 'Organization']",Mouettes genevoises,
646,"['__Entity__', 'Infrastructure', 'Landmark']",Dépôt du Bachet-de-Pesay,
647,"['__Entity__', 'Infrastructure', 'Transport Route']",Ligne Lausanne,
648,"['__Entity__', 'City']",Thonon-les-Bains,
649,"['__Entity__', 'Organization', 'Company']",CFF,
650,"['__Entity__', 'Organization']",TPN,
651,"['__Entity__', 'Organization']",Cars Région,
652,"['__Entity__', 'City', 'Location']",Bellegarde,
653,"['__Entity__', 'Organization', 'Transport Type']",Autobus de Genève,
654,"['__Entity__', 'Country', 'Location']",France,
655,"['__Entity__', 'City']",Bouveret,
656,"['__Entity__', 'Infrastructure', 'Transport Route']",Ligne Longeray-Léaz,
657,"['__Entity__', 'Organization', 'Location', 'Project', 'Infrastructure', 'Line', 'Railway Line', 'Train', 'Transport Route', 'PublicTransportStop']",CEVA,
658,"['__Entity__', 'Organization', 'Company', 'Station']",SNCF,
659,"['__Entity__', 'Organization']",Unireso/Léman Pass Trolleybus,
660,"['__Entity__', 'City']",Tonkin,
661,"['__Entity__', 'Organization']",Unireso Léman Pass,
662,"['__Entity__', 'City', 'Location']",Annecy,
663,"['__Entity__', 'Organization']",Arv'i Proxim'iTi,
664,"['__Entity__', 'Infrastructure', 'Transport Route']",Ligne La Roche-sur-Foron,
665,"['__Entity__', 'City']",Aix-les-Bains,
666,"['__Entity__', 'Organization', 'Transport Type']",Trolleybus de Genève,
668,"['__Entity__', 'Tram Depot', 'Depot']",Bachet-de-Pesay En Chardon,
669,"['__Entity__', 'Tram Line']",Ligne 15 du tramway de Genève,
670,"['__Entity__', 'Location', 'Tram Stop']","Perly, En Louche",
671,"['__Entity__', 'Location', 'Tram Stop']","Saint-Julien-en-Genevois, Mössingen",
672,"['__Entity__', 'Tram Stop']","Plan-les-Ouates, ZIPLO - Genève, Nations",
673,"['__Entity__', 'Location', 'Tram Stop']","Perly, douane",
674,"['__Entity__', 'Location', 'Station', 'Tram Stop', 'Stop']","Plan-les-Ouates, ZIPLO",
675,"['__Entity__', 'Tram Stop']",Douane de Perly,frontière
676,"['__Entity__', 'Location', 'Station', 'Tram Stop']","Grand-Lancy, Lancy Piscine",
677,"['__Entity__', 'Location', 'Tram Stop']","Saint-Julien-en-Genevois, centre",
678,"['__Entity__', 'Tram Infrastructure', 'InfrastructureType']",Manuelle (marche à vue),
679,"['__Entity__', 'City', 'Location', 'District', 'Municipality', 'Industrial Area']",Plan-les-Ouates,
680,"['__Entity__', 'City', 'Location', 'Tram Stop']",Saint-Julien-en-Genevois,
681,"['__Entity__', 'Location', 'Station', 'Tram Stop']","Plan-les-Ouates, Le Rolliet",
682,"['__Entity__', 'Location', 'Station', 'Tram Stop']","Grand-Lancy, Curé-Baud",
683,"['__Entity__', 'Location', 'Station', 'Place', 'Tram Stop']","Grand-Lancy, Place du 1er-Août",
684,"['__Entity__', 'Location', 'Tram Stop']","Perly, Ravières",
685,"['__Entity__', 'Location', 'Tram Stop']","Grand-Lancy, Mairie de L",
687,"['__Entity__', 'Place']","Genève, Stand",
688,"['__Entity__', 'Place']","Genève, Maison de la Paix",
689,"['__Entity__', 'Station', 'Place', 'Stop', 'Tram_stop']","Genève, Nations",
690,"['__Entity__', 'Station', 'Place', 'PublicTransportStop', 'Tram_stop']","Carouge, Pictet-Thellusson",
691,"['__Entity__', 'School']","Genève, Collège Sismondi",
692,"['__Entity__', 'Train station']","Lancy-Pont-Rouge, gare/Étoile Route des Jeunes (Voie centrale)",
693,"['__Entity__', 'Neighborhood', 'Station', 'PublicTransportStop', 'Tram_stop']","Genève, Industrielle",
694,"['__Entity__', 'Station', 'Place', 'Building', 'PublicTransportStop', 'Tram_stop']","Genève, Uni-Mail",
695,"['__Entity__', 'Place']","Genève, Cirque",
696,"['__Entity__', 'Location', 'Station', 'Train station', 'PublicTransportStop']","Lancy-Pont-Rouge, gare",
697,"['__Entity__', 'Neighborhood', 'Station', 'PublicTransportStop', 'Tram_stop']","Genève, Acacias",
698,"['__Entity__', 'Neighborhood', 'Building', 'PublicTransportStop', 'Tram_stop']","Genève, Plainpalais",
699,"['__Entity__', 'Train station']",Terminus de la ligne 17 Gare de Lancy-Pont-Rouge,
700,"['__Entity__', 'Station', 'Office']","Grand-Lancy, Mairie de Lancy",
701,"['__Entity__', 'Place']","Genève, Butini",
702,"['__Entity__', 'Place']","Genève, Môle",
704,"['__Entity__', 'Location', 'Station', 'Transportation Hub']",Genève-Aéroport,
705,"['__Entity__', 'Location']",Le Rolliet,
706,"['__Entity__', 'Location']",Lancy Piscine,
707,"['__Entity__', 'Location', 'Station', 'Stop', 'Business']",Uni-Mail,
708,"['__Entity__', 'Location', 'Station']",En Louche,
709,"['__Entity__', 'City', 'Location']",Julien-en-Genevois,
710,"['__Entity__', 'Location']",Place du 1er-Août,
711,"['__Entity__', 'Location', 'PublicTransportStop', 'Tram_stop']",Route des Jeunes (Voie centrale),
712,"['__Entity__', 'Location', 'Station']",Ravières,
713,"['__Entity__', 'Location', 'Station', 'Stop', 'Business']",Pictet-Thellusson,
714,"['__Entity__', 'Location', 'Station', 'Stop']",Industrielle,
715,"['__Entity__', 'Location', 'Station', 'Stop']",Goulart,
716,"['__Entity__', 'Location', 'Station', 'Stop']",Acacias,
717,"['__Entity__', 'Location']",Curé-Baud,
718,"['__Entity__', 'Location', 'Infrastructure', 'Station', 'Train Station', 'PublicTransportStop']",Gare de Lancy-Pont-Rouge,
719,"['__Entity__', 'Location', 'Border']",Douane de Perly,
720,"['__Entity__', 'Location', 'Government']",Mairie de Lancy,
721,"['__Entity__', 'Location', 'Station', 'Stop']",Mercier,
722,"['__Entity__', 'Location', 'Station']","Lancy-Bachet, gare",
723,"['__Entity__', 'Location', 'Station', 'PublicTransportStop']","Lancy-Pont-Rouge, gare/Étoile",
724,"['__Entity__', 'Location', 'Station']",Gare de Genève-La Praille,
725,"['__Entity__', 'Location', 'Station', 'PublicTransportStop']","Annemasse, Parc Montessuit",
726,"['__Entity__', 'Location', 'Station']",Mössingen,
727,"['__Entity__', 'Location', 'Station', 'Tram_stop']","Thônex, Moillesulaz",
728,"['__Entity__', 'City', 'Location', 'Customs']",Perly,
730,"['__Entity__', 'TransportationLine']",Ligne Lausanne – Genève vers Lausanne,
731,"['__Entity__', 'Location']",Collège Sismondi Genève,
732,"['__Entity__', 'Location', 'Station']",Gare de Genève-Sécheron,
733,"['__Entity__', 'Line', 'TransportationLine']",Ligne de Longeray-Léaz au Bouveret,
734,"['__Entity__', 'TransportationLine']","Ligne 18 vers « Meyrin, CERN »",
735,"['__Entity__', 'TransportationLine']","Ligne 12 et 18 vers « Lancy-Bachet, gare » et « Grand-Lancy, Palettes »",
736,"['__Entity__', 'TransportationLine']","Lignes 12, 17 et 18 vers « Thônex, Moillesulaz », « Annemasse, Parc Montessuit » et « Meyrin, CERN »",
739,"['__Entity__', 'Bus']",Lignes 12 et 18,
740,"['__Entity__', 'Train']",Lausanne – Genève,
741,"['__Entity__', 'Location', 'Station', 'Street']",Route des Jeunes,
742,"['__Entity__', 'Line', 'Bus']","Lignes 12, 17 et 18",
743,"['__Entity__', 'Station', 'School', 'Stop']",Collège Sismondi,
744,"['__Entity__', 'Bus']",Lignes 14 et 18,
745,"['__Entity__', 'City']",Geneva,
747,"['__Entity__', 'Location', 'Government Building']",Mairie,
748,"['__Entity__', 'Tramway']",Lignes 9 et 29,
749,"['__Entity__', 'Cemetery']",Cimetière du Grand-Lancy,
750,"['__Entity__', 'Tramway']",Ligne 2,
751,"['__Entity__', 'Bus']",Ligne d'autobus X,
752,"['__Entity__', 'Location']",Pont-Rouge,
753,"['__Entity__', 'Hospital']",Hôpital cantonal,
754,"['__Entity__', 'Location']",Plaine de Plainpalais,
755,"['__Entity__', 'Parking']",parking privatif,
756,"['__Entity__', 'Period']",tout au long de la plage payante,
757,"['__Entity__', 'Place']",place Jean-Jacques Rousseau,
758,"['__Entity__', 'PhoneNumber']",04 50 87 62 73,
759,"['__Entity__', 'Construction']",plateforme de la future fontaine,
760,"['__Entity__', 'Period']",du 15 au 22 février 2024,
761,"['__Entity__', 'Date']",lundi 19 février 2024,
762,"['__Entity__', 'Period']",du n°9 au n°24,
763,"['__Entity__', 'Parking']",parking Libération,
764,"['__Entity__', 'Company']",société SAGS,
765,"['__Entity__', 'Task']",effectue une coupure d’eau pour les tests préalables et le raccordement de la conduite principale,
766,"['__Entity__', 'Period']",avant jeudi 15 février 7h30,
767,"['__Entity__', 'Period']",après 18h,
768,"['__Entity__', 'Period']",le week-end,
769,"['__Entity__', 'Project']",cadre des travaux de piétonnisation,
770,"['__Entity__', 'Period']",jusqu’à la réouverture de la circulation dans la rue des Vétérans,
772,"['__Entity__', 'Building']",Immeuble,
773,"['__Entity__', 'Organization']",Service Eau et Assainissement d’Annemasse Agglo,
774,"['__Entity__', 'Street']",Rue Adrien Ligué,
775,"['__Entity__', 'Street']",Rue Albert Montfort,
777,"['__Entity__', 'Infrastructure']",réseau de gaz,
778,"['__Entity__', 'Result']",libérer la place pour les futures lignes aériennes de contact,
779,"['__Entity__', 'Date']",24 janvier 2024,
780,"['__Entity__', 'Infrastructure']",Futures lignes aériennes de contact,
781,"['__Entity__', 'Object']",2 arbres,
782,"['__Entity__', 'Event']",Coupure gaz,
783,"['__Entity__', 'Event']",Suppression des arbres rue des Voirons,
784,"['__Entity__', 'Date']",1er février,
785,"['__Entity__', 'Date']",18 février 2024,
786,"['__Entity__', 'Location']",future aire piétonne,
787,"['__Entity__', 'Resource']",électricité,
788,"['__Entity__', 'Date']",1er février 2024,
789,"['__Entity__', 'Object']",macaron,
790,"['__Entity__', 'Location']",Croisement des rues Vétérans/ Gare,
791,"['__Entity__', 'Concept']",Accès riverains,
792,"['__Entity__', 'Project']",Travaux de prolongement du Tram,
797,"['__Entity__', 'Date']",11 décembre,
798,"['__Entity__', 'Date']",05 décembre 2023,
800,"['__Entity__', 'Date']",18/12/2023,
801,"['__Entity__', 'Organization']",Maison de l’Eau,
802,"['__Entity__', 'Activity']",réfection du réseau d’eau potable,
803,"['__Entity__', 'PhoneNumber', 'ContactInfo']",04.50.87.62.73,
804,"['__Entity__', 'Event']",Fermeture,
805,"['__Entity__', 'Activity']",ordement du réseau d’eau potable neuf au réseau existant,
806,"['__Entity__', 'Activity']",raccordement de l’immeuble,
807,"['__Entity__', 'Activity']",démontage d’une grue,
808,"['__Entity__', 'Activity']",effectue une coupure d’eau,
809,"['__Entity__', 'Duration']",10:30,
810,"['__Entity__', 'Service']",Eau et Assainissement,
812,"['__Entity__', 'Organization', 'Company']",Service de l’Eau et de l’Assainissement,
813,"['__Entity__', 'Action']",coupure d’eau,
814,"['__Entity__', 'Date']",le lundi 4 décembre 2023,
815,"['__Entity__', 'Time']",8h,
816,"['__Entity__', 'Time']",17h,
817,"['__Entity__', 'Location']",avenue Henri Barbusse / route des Vallées,
820,"['__Entity__', 'Event']",travaux de réfection,
821,"['__Entity__', 'Location']",Rue des Tournelles,
822,"['__Entity__', 'Infrastructure']",réseau d’eau potable,
823,"['__Entity__', 'Location', 'Street', 'Avenue']",Avenue Henri Barbusse,
824,"['__Entity__', 'Event']",fermeture,
825,"['__Entity__', 'Time']",nuit de mardi 21 novembre 2023,
826,"['__Entity__', 'Location']",Rue de Faucigny,
827,"['__Entity__', 'Location', 'Street']",Route des Vallées,
828,"['__Entity__', 'Event']",coupures d’eau,
829,"['__Entity__', 'Location']",Avenue du Giffre,
830,"['__Entity__', 'Time']",nuit de mercredi 22 novembre 2023,
831,"['__Entity__', 'Location', 'Street']",rue Fleutet,
832,"['__Entity__', 'Location', 'Street']",rue Platanes,
833,"['__Entity__', 'Company']",Service Eau et Assainissement d'Annemasse Agglo,
834,"['__Entity__', 'Event']",changement de collecte,
835,"['__Entity__', 'Time']",nuit de lundi 20 novembre 2023,
838,"['__Entity__', 'Organization']",service de l’eau d’Annemasse Agglo,
840,"['__Entity__', 'Location']",Parkings Relais Altéa,
841,"['__Entity__', 'Location', 'Intersection']",rond-point de l’Etoile,
842,"['__Entity__', 'Street']",rue du Stade Albert Baud,
843,"['__Entity__', 'Organization']",TAC Mobilités,
844,"['__Entity__', 'BusLine']",ligne de bus Tango,
845,"['__Entity__', 'Street']",avenue Alfred Bastin,
846,"['__Entity__', 'Location']",Parkings Relais Jean-Monnet,
847,"['__Entity__', 'Website']",www. tac-mobilites.fr,
848,"['__Entity__', 'Person']",usagers,
849,"['__Entity__', 'Street']",rue du Beulet,
850,"['__Entity__', 'PhoneNumber']",0 800 00 19 53,
851,"['__Entity__', 'Status']",fermée à la circulation,
852,"['__Entity__', 'Street']",rue Madame Fleutet,
853,"['__Entity__', 'BusStop']",arrêt « Périllat Lycée »,
854,"['__Entity__', 'BusLine']",même trajet que la ligne 3,
855,"['__Entity__', 'Street']",avenue de Verdun,
856,"['__Entity__', 'Status']",impasse,
857,"['__Entity__', 'Street']",rue Pasteur,
858,"['__Entity__', 'Street']",avenue Jules Ferry,
859,"['__Entity__', 'Location']",centre-ville d’Annemasse,
861,"['__Entity__', 'Street']",rue Aristide Briand,
862,"['__Entity__', 'Business']",commerces,
863,"['__Entity__', 'Location', 'PublicTransportStop']",Point de rebroussement,
864,"['__Entity__', 'Facility']",En Chardon,
865,"['__Entity__', 'Infrastructure']",Conduite,
866,"['__Entity__', 'Location', 'Station', 'Business', 'Landmark']",ZIPLO,
867,"['__Entity__', 'Infrastructure']",Manuelle,
868,"['__Entity__', 'Infrastructure']",Marche à vue,
869,"['__Entity__', 'Location']",Frontière,
870,"['__Entity__', 'Location']",Fin de la phase 1,
871,"['__Entity__', 'Location']","vers « Lancy-Bachet, gare »",
872,"['__Entity__', 'Location']",", 17",
873,"['__Entity__', 'Location']",Lignes 12,
874,"['__Entity__', 'Location']",et 18,
875,"['__Entity__', 'Location']",Lignes 14,
876,"['__Entity__', 'Location', 'Stop']",gare Cornavin,
877,"['__Entity__', 'Location', 'Line', 'Transportation Line']",Ligne Lausanne – Genève,
878,"['__Entity__', 'Location', 'Stop']",Maison de la Paix,
879,"['__Entity__', 'Location']",Terminus,
880,"['__Entity__', 'Location']","vers « Meyrin, Gravière »",
881,"['__Entity__', 'Location']","vers « Thônex, Moillesulaz »",
882,"['__Entity__', 'Location']",", « Annemasse, Parc Montessuit »",
883,"['__Entity__', 'Location']","et « Meyrin, CERN »",
884,"['__Entity__', 'Location', 'Tramway Line']",ligne 17,
885,"['__Entity__', 'Location']",Jonction,
886,"['__Entity__', 'Location']","et « Grand-Lancy, Palettes »",
887,"['__Entity__', 'Location']",gare/Étoile,
888,"['__Entity__', 'Location']",(Voie centrale),
889,"['__Entity__', 'Location']","vers « Bernex, Vailly »",
890,"['__Entity__', 'Location']",gare de Genève-La Praille,
891,"['__Entity__', 'Location']",En Louche A 1,
892,"['__Entity__', 'Location']",frontière Perly,
893,"['__Entity__', 'Location']",Ravières Perly,
894,"['__Entity__', 'Location']",douane Perly,
895,"['__Entity__', 'Location']",Mössingen Point de rebroussement,
896,"['__Entity__', 'Location']",Point de rebroussement Grand-Lancy,
897,"['__Entity__', 'Location']",Point de rebroussement Plan-les-Ouates,
898,"['__Entity__', 'Location']",gare/Étoile Route des Jeunes,
899,"['__Entity__', 'Location']",Palettes Grand-Lancy,
900,"['__Entity__', 'Location']",gare Terminus de la ligne 17,
901,"['__Entity__', 'Location']",ZIPLO Plan-les-Ouates,
902,"['__Entity__', 'Location']",centre Saint-Julien-en-Genevois,
903,"['__Entity__', 'Node']",Indust,
904,"['__Entity__', 'Location']",Place du 1er-Août Grand-Lancy,
905,"['__Entity__', 'Station']",Gare de Saint-Julien-en-Genevois,
906,"['__Entity__', 'Station']",Lancy-Pont-Rouge CEVA,
908,"['__Entity__', 'Location']",Palais des Nations,
910,"['__Entity__', 'Coordinate']","46° 10′ 30″ N, 6° 06′ 58″ E",
911,"['__Entity__', 'Coordinate']","46° 11′ 15″ N, 6° 07′ 38″ E",
912,"['__Entity__', 'Coordinate']","46° 10′ 17″ N, 6° 06′ 30″ E",
913,"['__Entity__', 'Coordinate']","46° 10′ 55″ N, 6° 07′ 15″ E",
914,"['__Entity__', 'Coordinate']","46° 10′ 26″ N, 6° 07′ 46″ E",
915,"['__Entity__', 'Coordinate']","46° 10′ 00″ N, 6° 06′ 12″ E",
916,"['__Entity__', 'Coordinate']","46° 11′ 20″ N, 6° 07′ 51″ E",
917,"['__Entity__', 'Zone']",10,
918,"['__Entity__', 'Coordinate']","46° 11′ 25″ N, 6° 08′ 02″ E",
919,"['__Entity__', 'Coordinate']","46° 11′ 03″ N, 6° 07′ 19″ E",
920,"['__Entity__', 'Coordinate']","46° 10′ 45″ N, 6° 07′ 18″ E",
922,"['__Entity__', 'Tram']",Tramway Genève,
923,"['__Entity__', 'Bus']",Bus Genève,
924,"['__Entity__', 'Trolleybus']",Trolleybus Bus Genève,
925,"['__Entity__', 'CFF']",CFF Léman Express Tramway Trolleybus Bus Genève,
926,"['__Entity__', 'Tram']",Tramway Bus Genève,
928,"['__Entity__', 'Zone', 'Fare Zone', 'Tariff Zone']",Zone 10,
929,"['__Entity__', 'Traffic Count']","12,953 millions de voyages",
931,"['__Entity__', 'Year', 'Date']",2022,
932,"['__Entity__', 'Construction Site']",Chantier,
933,"['__Entity__', 'Date']",Late 2023,
934,"['__Entity__', 'Work', 'Preparatory Work']",Premiers travaux préparatoires,
935,"['__Entity__', 'Year']",2013,
936,"['__Entity__', 'Road']",Perly-Certoux,
937,"['__Entity__', 'Action']",Building Construction,
938,"['__Entity__', 'Action']",Demolition,
939,"['__Entity__', 'Date']",December 2,
940,"['__Entity__', 'Date']",December 31,
941,"['__Entity__', 'Month']",June,
942,"['__Entity__', 'Construction Phase']",Seconde phase,
943,"['__Entity__', 'Highway']",Autoroute A1,
944,"['__Entity__', 'Date']",Late 2021,
945,"['__Entity__', 'Date']",Early 2020,
946,"['__Entity__', 'Year']",2026,
947,"['__Entity__', 'Building']",Perly Customs,
948,"['__Entity__', 'Year']",2016,
949,"['__Entity__', 'Concept']",Urban Planning,
950,"['__Entity__', 'Government', 'Administrative Division', 'Administrative_Division']",Canton,
951,"['__Entity__', 'Year', 'Date']",2021,
952,"['__Entity__', 'Year']",2019,
953,"['__Entity__', 'Currency']","24,4 million euros",
954,"['__Entity__', 'Neighborhood']",Cherpines-Charrotons,
955,"['__Entity__', 'Action']",Serving Cherpines,
956,"['__Entity__', 'Neighborhood']",Boucle des Palettes,
957,"['__Entity__', 'Year']",2015,
958,"['__Entity__', 'Country']",Switzerland,
959,"['__Entity__', 'Month']",July,
960,"['__Entity__', 'Currency']",210 million francs,
961,"['__Entity__', 'Tram Line']",Trajet,
962,"['__Entity__', 'Construction Phase']",Première phase,
964,"['__Entity__', 'Transportation', 'Tramway', 'Tramway Line']",ligne 12,
966,"['__Entity__', 'Company']",çõn,
967,"['__Entity__', 'Location']",quartier des Nations,
968,"['__Entity__', 'Location']",Le Grand-Saconnex,
969,"['__Entity__', 'Project', 'Infrastructure']",projet de route,
970,"['__Entity__', 'Person']",élus écologistes,
971,"['__Entity__', 'Location', 'Station']",Saint-Julien,
972,"['__Entity__', 'Station']",douane,
973,"['__Entity__', 'Station']",centre,
974,"['__Entity__', 'Location']",zone aéroportuaire,
975,"['__Entity__', 'Road']",nouvelle route des Nations,
976,"['__Entity__', 'Road']",autoroute A1,
978,"['__Entity__', 'Infrastructure']",extension vers Ferney,
979,"['__Entity__', 'Agreement']",accord,
980,"['__Entity__', 'Government Organization']",Commission des transports du Grand Conseil du canton de Genève,
981,"['__Entity__', 'Infrastructure']",territoire de Ferney-Voltaire,
982,"['__Entity__', 'Government Organization']",État,
983,"['__Entity__', 'Action']",découpler les deux projets,
984,"['__Entity__', 'Traffic']",trafic de transit,
985,"['__Entity__', 'Date']",octobre 2017,
986,"['__Entity__', 'Date']",septembre 2018,
987,"['__Entity__', 'Infrastructure']",tramways sans ligne aérienne de contact,
988,"['__Entity__', 'Study']",études,
989,"['__Entity__', 'City', 'Location', 'Infrastructure', 'Station']",Ferney-Voltaire,
990,"['__Entity__', 'Infrastructure']",bus,
991,"['__Entity__', 'Location', 'Infrastructure']",aéroport,
992,"['__Entity__', 'Infrastructure']",extension vers l'aéroport,
993,"['__Entity__', 'Infrastructure']",chantier de construction de la route,
994,"['__Entity__', 'Government Organization']",communauté d'agglomération du Pays de Gex,
995,"['__Entity__', 'Infrastructure']",construction de la route,
996,"['__Entity__', 'Infrastructure']",nouvelle route,
997,"['__Entity__', 'Area', 'Region', 'Organization']",Grand Genève,
998,"['__Entity__', 'Infrastructure']",tram,
999,"['__Entity__', 'Infrastructure']",chantier de la route,
1000,"['__Entity__', 'Money']",78 millions de francs suisses,
1001,"['__Entity__', 'Infrastructure']",extension,
1002,"['__Entity__', 'Infrastructure', 'Line']",ligne,
1003,"['__Entity__', 'Infrastructure']",route de Ferney-Voltaire,
1004,"['__Entity__', 'Infrastructure']",réseau secondaire,
1005,"['__Entity__', 'Government', 'Government Organization']",canton,
1006,"['__Entity__', 'Organization', 'Government Organization']",Confédération,
1007,"['__Entity__', 'Infrastructure']",réalisation de deux branches,
1008,"['__Entity__', 'Person']",recourants,
1009,"['__Entity__', 'Organization']",Association transports et environnement (ATE),
1010,"['__Entity__', 'Study']",études préliminaires,
1011,"['__Entity__', 'Infrastructure']",tracé de la ligne,
1013,"['__Entity__', 'Station']","Grand-Saconnex, place",
1014,"['__Entity__', 'Station']","Grand-Saconnex, Morillons",
1015,"['__Entity__', 'Station']","Ferney-Voltaire, Ouest",
1016,"['__Entity__', 'Station']","Ferney-Voltaire, Allée de la Tire",
1017,"['__Entity__', 'Station']",Grand-Saconnex-P+R,
1018,"['__Entity__', 'Station']","Ferney-Voltaire, Place du Jura",
1019,"['__Entity__', 'Station']","Grand-Saconnex, P+R",
1020,"['__Entity__', 'Station']",Bernex-Pré-Marais,
1022,"['__Entity__', 'City']",Morez,
1023,"['__Entity__', 'Organization']",NStCM,
1024,"['__Entity__', 'Infrastructure']",Infrastructures,
1025,"['__Entity__', 'Transport Route']",Ligne Genève,
1026,"['__Entity__', 'Organization', 'Company', 'Fare System']",Léman Pass,
1027,"['__Entity__', 'Transport Route']",Ligne Saint-Gervais-les-Bains,
1028,"['__Entity__', 'Organization']",Proxim'iTi,
1029,"['__Entity__', 'Organization']",Unireso/Léman Pass,
1030,"['__Entity__', 'Organization', 'Company']",Société nationale des chemins de fer français,
1031,"['__Entity__', 'Transport Route']",Ligne Annemasse,
1032,"['__Entity__', 'Document']",Liste des stations,
1033,"['__Entity__', 'Transport Route']",Ligne Bellegarde,
1034,"['__Entity__', 'Transport Route']",Ligne Bouveret,
1035,"['__Entity__', 'Organization']",Arv'i,
1036,"['__Entity__', 'Infrastructure']",Kiosques du tramway,
1037,"['__Entity__', 'Organization']",Transports publics de la région nyonnaise,
1038,"['__Entity__', 'Organization']",Société intercommunale des bus de la région annécienne,
1039,"['__Entity__', 'Transport Route']",Ligne Lyon,
1040,"['__Entity__', 'Organization']",TER Auvergne-Rhône-Alpes,
1041,"['__Entity__', 'Organization']",Transport lacustre,
1042,"['__Entity__', 'Organization']",Chemins de fer fédéraux suisses,
1043,"['__Entity__', 'Organization']",Cars Région Haute-Savoie,
1044,"['__Entity__', 'Organization']",Autobus hors Unireso/Léman Pass,
1045,"['__Entity__', 'Transport Route']",Ligne Aix-les-Bains,
1047,"['__Entity__', 'City', 'Location', 'PopulatedPlace']",Chêne-Bougeries,
1048,"['__Entity__', 'PublicTransportStop']","Lignes 12 et 18 vers Lancy-Bachet, gare et Grand-Lancy, Palettes",
1049,"['__Entity__', 'PublicTransportLine']",Ligne 15 vers Genève,
1050,"['__Entity__', 'Infrastructure']",Conduite (système),
1051,"['__Entity__', 'City', 'Location', 'Train Station', 'PopulatedPlace']",Chêne-Bourg,
1052,"['__Entity__', 'Location', 'PopulatedPlace']",Ambilly,
1053,"['__Entity__', 'PublicTransportStop']",Jonction avec la gare de Genève-La Praille,
1054,"['__Entity__', 'Location', 'PopulatedPlace']",Gaillard,
1056,"['__Entity__', 'Station']","Lancy, Palettes",
1057,"['__Entity__', 'Line']",Tram CEVA,
1058,"['__Entity__', 'Location', 'Station']",Genève-Eaux-Vives,
1059,"['__Entity__', 'Station']",Gare de Genève-Eaux-Vives,
1060,"['__Entity__', 'Station']","Ambilly, Croix-d'Ambilly",
1061,"['__Entity__', 'Station']","Gaillard, Libération",
1062,"['__Entity__', 'Station']","Annemasse, Glières",
1063,"['__Entity__', 'Station']","Annemasse, Place Deffaugt",
1064,"['__Entity__', 'Station', 'Tram_stop']","Thônex, Graveson",
1065,"['__Entity__', 'Station']",Le Foron,
1066,"['__Entity__', 'Station']","Annemasse, Place de l'Étoile",
1067,"['__Entity__', 'Station']",Douane de Moillesulaz,
1068,"['__Entity__', 'Station', 'Building', 'Tram_stop']","Chêne-Bourg, Place Favre",
1069,"['__Entity__', 'Line']",Ligne d'Aix-les-Bains-Le Revard à Annemasse,
1070,"['__Entity__', 'Station', 'Tram_stop']","Chêne-Bourg, Peillonnex",
1071,"['__Entity__', 'Station']","Gaillard, Millet",
1074,"['__Entity__', 'Building', 'Tram_stop']","Chêne-Bougeries, Grange-Falquet",
1075,"['__Entity__', 'Building', 'Tram_stop']","Chêne-Bougeries, Grange-Canal",
1076,"['__Entity__', 'Station', 'Building']","Genève-Eaux-Vives, gare",
1077,"['__Entity__', 'Station']",Gare de Chêne-Bourg,
1078,"['__Entity__', 'Tram_stop']",Place Deffaugt Annemasse,
1079,"['__Entity__', 'Location', 'Tram_stop']",Place de l'Étoile,
1080,"['__Entity__', 'Tram_line']",rebroussement Annemasse,
1081,"['__Entity__', 'Tram_line']",rebroussement Genève,
1082,"['__Entity__', 'Building', 'Tram_stop']","Genève, Rive",
1083,"['__Entity__', 'Tram_stop']","Genève, Villereuse Roches",
1084,"['__Entity__', 'Building', 'Tram_stop']","Genève, Amandolier",
1085,"['__Entity__', 'Tram_line']",Ligne M1,
1086,"['__Entity__', 'Tram_stop']",Douane de Moillesul,
1087,"['__Entity__', 'Building', 'Tram_stop']","Genève, Place de Neuve",
1088,"['__Entity__', 'Building', 'Tram_stop']","Genève, Terrassière",
1089,"['__Entity__', 'Building', 'Tram_stop']","Genève, Molard",
1090,"['__Entity__', 'Location', 'Tram_stop']",Glières,
1091,"['__Entity__', 'Building', 'Tram_stop']","Chêne-Bougeries, Grangettes",
1094,"['__Entity__', 'Transportation Line']",Tramway line 17,
1096,"['__Entity__', 'Tramway Line']",ligne 36,
1097,"['__Entity__', 'Neighborhood']",quartier des Acacias,
1098,"['__Entity__', 'Tramway Line']",lignes 12,
1099,"['__Entity__', 'Tramway Line']",nouveau tronçon,
1100,"['__Entity__', 'Tramway Station']",ancienne station terminus,
1101,"['__Entity__', 'Tramway Line']",la vieille-ville,
1102,"['__Entity__', 'Person']",voyageurs,
1103,"['__Entity__', 'Tramway Line']",lignes 15,
1104,"['__Entity__', 'Train Station']",des Eaux-Vives,
1105,"['__Entity__', 'Distance']","3,3 km",
1106,"['__Entity__', 'Tramway Station']",P+R Étoile,
1107,"['__Entity__', 'Date']",11 décembre 2005,
1108,"['__Entity__', 'Tramway Line']",ligne de tramway,
1110,"['__Entity__', 'AdministrativeDivision']",canton de Genève,
1111,"['__Entity__', 'Place']",station Moillesulaz,
1112,"['__Entity__', 'Place', 'School']",Lycée des Glières,
1113,"['__Entity__', 'Place']",station Parc Montessuit,
1114,"['__Entity__', 'Transportation']",tram franco-genevois,
1116,"['__Entity__', 'Date']",20 février 2017,
1117,"['__Entity__', 'Location']",Route des Acacias,
1118,"['__Entity__', 'Time']",printemps 2018,
1119,"['__Entity__', 'Year', 'Date']",2017,
1120,"['__Entity__', 'Year', 'Date']",2018,
1121,"['__Entity__', 'Date']",30 janvier 2017,
1122,"['__Entity__', 'Year', 'Date']",2020,
1126,"['__Entity__', 'Coordinate']","46° 11′ 34″ N, 6° 08′ 18″ E",
1127,"['__Entity__', 'Bus Line']",Cars Région Haute-Savoie 272,
1128,"['__Entity__', 'Coordinate']",46° 11′ 41″ N,
1129,"['__Entity__', 'Coordinate']","46° 11′ 16″ N, 6° 07′ 29″ E",
1130,"['__Entity__', 'Train Line']",CFF Léman Express,
1132,"['__Entity__', 'Tramway']",18″ E 10 Genève Tramway,
1133,"['__Entity__', 'Tramway']",10 Chêne-Bougeries Tramway,
1134,"['__Entity__', 'Tramway']",10 Chêne-Bougeries Tramway Bus,
1135,"['__Entity__', 'Tramway']","10 Genève Tramway Genève-Eaux-Vives, gare",
1136,"['__Entity__', 'Building']","Genève, Villereuse",
1137,"['__Entity__', 'Tramway']",10 Genève Tramway Trolleybus Bus Mouette M1,
1138,"['__Entity__', 'Tramway']",10 Genève CFF Léman Express Tramway Bus,
1139,"['__Entity__', 'Tramway']",10 Genève Tramway Trolleybus Bus Star't 271,
1140,"['__Entity__', 'Tramway']",10 Genève Tramway Trolleybus Bus,
1141,"['__Entity__', 'Tramway']",10 Genève Tramway Bus Cars Région Haute-Savoie 274,
1142,"['__Entity__', 'Tramway']",10 Chêne-Bourg Tramway Bus,
1143,"['__Entity__', 'Tramway']",10 Genève Tramway Bus,
1145,"['__Entity__', 'Station']",Ambilly Bus TAC 6,
1146,"['__Entity__', 'Station']",Gaillard Ambilly,
1147,"['__Entity__', 'Station']",Annemasse Bus TAC Tango 5,
1148,"['__Entity__', 'Station']",Chêne-Bourg Tramway Bus,
1149,"['__Entity__', 'Location']",Croix-d'Ambilly,
1150,"['__Entity__', 'Location']",Libération,
1151,"['__Entity__', 'Station']",Thônex Tramway,
1152,"['__Entity__', 'Station']",Thônex Tramway Bus,
1153,"['__Entity__', 'Station']",Annemasse Objectif 2026,
1154,"['__Entity__', 'Duration']",43 minutes,
1155,"['__Entity__', 'Station']",Gaillard Bus TAC 3,
1156,"['__Entity__', 'Location']",Place Deffaugt,
1157,"['__Entity__', 'Location']",Millet,
1159,"['__Entity__', 'Zone']",Zone 210,
1160,"['__Entity__', 'Characteristic']",transfrontalier,
1161,"['__Entity__', 'Statistic']","9,476 millions",
1162,"['__Entity__', 'Project', 'Transport', 'Infrastructure', 'Transportation', 'Transport Service', 'Transportation Network', 'Train', 'Transportation_Network']",Léman Express,
1166,"['__Entity__', 'City']",Tours,
1167,"['__Entity__', 'City']",Le Havre,
1168,"['__Entity__', 'Transportation']",Tram-train de l'île de la Réunion,
1169,"['__Entity__', 'City']",Amiens,
1170,"['__Entity__', 'City']",Avignon,
1171,"['__Entity__', 'City']",Caen,
1172,"['__Entity__', 'City']",Nice,
1173,"['__Entity__', 'Transportation']",Tram-train de Strasbourg,
1174,"['__Entity__', 'City']",Artois-Gohelle,
1175,"['__Entity__', 'City']",Nancy,
1176,"['__Entity__', 'City']",Pointe-à-Pitre,
1177,"['__Entity__', 'City']",Nantes,
1178,"['__Entity__', 'City']",Lille,
1182,"['__Entity__', 'Location']",gare Genève,
1183,"['__Entity__', 'Node']",Mey,
1184,"['__Entity__', 'Location', 'Locality']",Jardin-Alpin-Vivarium,
1185,"['__Entity__', 'Transportation Line']",Lignes 15 et 17,
1186,"['__Entity__', 'Transportation Line']",Lignes 12 et 17,
1187,"['__Entity__', 'Location', 'Landmark']",Bois-du-Lan,
1188,"['__Entity__', 'Location', 'Landmark']",Place de Neuve,
1189,"['__Entity__', 'Location', 'Street']",Rue Lect,
1190,"['__Entity__', 'Location']",Point de rebroussement Ligne 15,
1191,"['__Entity__', 'Location']",Point de rebroussement A 1,
1192,"['__Entity__', 'Location']",Augustins Genève,
1193,"['__Entity__', 'Location']",Point de rebroussement Genève,
1196,"['__Entity__', 'Landmark']",Ancienne,
1197,"['__Entity__', 'Landmark']",Hôpital de La Tour,
1198,"['__Entity__', 'Location', 'Landmark']",Rondeau,
1199,"['__Entity__', 'Landmark']",Maisonnex,
1200,"['__Entity__', 'Location', 'Landmark']",Gare de Lancy-Bachet,
1201,"['__Entity__', 'Landmark']",Pailly,
1204,"['__Entity__', 'Locality']","Meyrin, village",
1205,"['__Entity__', 'Locality']",Le Rhône Genève,
1206,"['__Entity__', 'Locality']","Meyrin, Bois-du-Lan",
1208,"['__Entity__', 'Tramway']",Ligne 23,
1209,"['__Entity__', 'Location']",Meyrin-Cité,
1210,"['__Entity__', 'Location']",Meyrin-CERN,
1211,"['__Entity__', 'Location']",Coutance-Cornavin,
1212,"['__Entity__', 'Location']",Meyrin-Village,
1213,"['__Entity__', 'Location']",Direttissima,
1215,"['__Entity__', 'Location']",Pont de Carouge,
1216,"['__Entity__', 'Location']",Rue de la Corraterie,
1217,"['__Entity__', 'Bus']",Ligne 27,
1218,"['__Entity__', 'Location']",Rue de la Pépinière,
1219,"['__Entity__', 'Location', 'Landmark']",Collège Madame de Staël,
1220,"['__Entity__', 'Location']",Les Palettes,
1221,"['__Entity__', 'Location']",Théâtre,
1222,"['__Entity__', 'Location']",Rue du Pont-Neuf,
1223,"['__Entity__', 'Location']",Musée,
1225,"['__Entity__', 'Street']",rue Ancienne,
1226,"['__Entity__', 'Street']",rue du Pont-Neuf,
1227,"['__Entity__', 'Street']",route de Saint-Julien,
1228,"['__Entity__', 'Landmark']",musée,
1229,"['__Entity__', 'Landmark']",Place Neuve,
1230,"['__Entity__', 'Landmark']",Parc des Bastions,
1231,"['__Entity__', 'Landmark']",place du Rondeau,
1232,"['__Entity__', 'Street']",rue Saint-Victor,
1233,"['__Entity__', 'Landmark']",La Servette,
1234,"['__Entity__', 'Landmark']",Conservatoire de musique,
1235,"['__Entity__', 'Street']",rue de Carouge,
1236,"['__Entity__', 'Street']",rue de la Corraterie,
1237,"['__Entity__', 'Landmark']",rond-point de Plainpalais,
1238,"['__Entity__', 'Landmark']",Église du Sacré-Cœur,
1239,"['__Entity__', 'Landmark']",la Basilique Notre-Dame,
1240,"['__Entity__', 'Landmark']",mairie,
1241,"['__Entity__', 'Landmark']",le Jardin alpin,
1242,"['__Entity__', 'River']",Arve,
1243,"['__Entity__', 'Landmark']",Musée Rath,
1244,"['__Entity__', 'Landmark']",théâtre,
1245,"['__Entity__', 'Landmark']",la gare de Genève-Cornavin,
1246,"['__Entity__', 'Resident']",riverains de l’impasse du Faucigny,
1247,"['__Entity__', 'Organization']",service de l’Eau et de l’Assainissement d’Annemasse Agglo,
1249,"['__Entity__', 'Work']",Travaux pour l’extension du réseau de chaleur,
1250,"['__Entity__', 'Work']",Travaux de réseau d’eau,
1251,"['__Entity__', 'Work']",Travaux de réseaux,
1252,"['__Entity__', 'Work']",Mise en sens unique,
1253,"['__Entity__', 'Organization']",Eau et de l’Assainissement d’Annemasse Agglo,
1254,"['__Entity__', 'Roundabout']",Rond-point de l’Etoile,
1255,"['__Entity__', 'Work']",Tests sur des vannes,
1258,"['__Entity__', 'District']",centre-ville,
1259,"['__Entity__', 'Street']",Rue Henri Barbusse,
1260,"['__Entity__', 'Event']",coupure d’eau ponctuelle,
1261,"['__Entity__', 'Street']",Rue de Malbrande,
1262,"['__Entity__', 'Street']",Avenue de Verdun,
1263,"['__Entity__', 'Event']",travaux de réaménagement,
1264,"['__Entity__', 'Street']",Rue du Stade Albert Baud,
1265,"['__Entity__', 'Square']",Place Jean Deffaugt,
1268,"['__Entity__', 'Project']",Planche d’essai,
1269,"['__Entity__', 'Material']",Pavés,
1270,"['__Entity__', 'Group']",Personnes à Mobilité Réduite,
1271,"['__Entity__', 'Infrastructure', 'Traffic_Regulation']",Zone 30,
1272,"['__Entity__', 'Material']",Joints,
1273,"['__Entity__', 'Traffic_Regulation']",Double sens,
1279,"['__Entity__', 'Infrastructure']",Nouvelle interface Cornavin,
1280,"['__Entity__', 'Plan']",Plan d'actions 2030-2035,
1281,"['__Entity__', 'Infrastructure']",Ligne de ceinture,
1282,"['__Entity__', 'Organization']",Communes,
1283,"['__Entity__', 'Plan']",Plan d'actions 2025-2029,
1284,"['__Entity__', 'Infrastructure']",Gare souterraine,
1285,"['__Entity__', 'Organization', 'Administrative Area']",Ville de Genève,
1286,"['__Entity__', 'Plan']",Plan d'actions de la mobilité douce,
1288,"['__Entity__', 'Transport']",places vélos,
1289,"['__Entity__', 'Transport']",accompagnement,
1290,"['__Entity__', 'Transport']",approche multimodale,
1291,"['__Entity__', 'Transport']",liaisons piétonnes,
1292,"['__Entity__', 'Administrative Area']",Unimail,
1293,"['__Entity__', 'Administrative Area']",Louis Casai,
1294,"['__Entity__', 'Infrastructure']",gares LEX,
1295,"['__Entity__', 'Infrastructure', 'Bridge', 'Administrative Area']",Pont de Lancy,
1296,"['__Entity__', 'Transport']",réflexion,
1297,"['__Entity__', 'Administrative Area']",Pictet de Rochemont,
1298,"['__Entity__', 'Administrative Area']",Contournement Est,
1299,"['__Entity__', 'Transport']",requalifications multimodales,
1300,"['__Entity__', 'Transport']",Système Vélos PartaGE,
1301,"['__Entity__', 'Transport']",décision,
1302,"['__Entity__', 'Administrative Area']",Rue de Carouge,
1303,"['__Entity__', 'Administrative Area']",Quais Cologny,
1304,"['__Entity__', 'Transport', 'Parking']",stationnement,
1305,"['__Entity__', 'Transport']",suppression,
1306,"['__Entity__', 'Administrative Area']",Eaux-Vives,
1307,"['__Entity__', 'Road', 'Administrative Area']",Route des Nations,
1308,"['__Entity__', 'Administrative Area']",Barreau Montfleury,
1309,"['__Entity__', 'Administrative Area']",Boulevard Abarois,
1310,"['__Entity__', 'Transport']",plan d'actions,
1311,"['__Entity__', 'Administrative Area']",Rte de Lausanne,
1312,"['__Entity__', 'Administrative Area']",Champel,
1313,"['__Entity__', 'Administrative Area']",CH,
1314,"['__Entity__', 'Transport']",liaisons cyclables,
1315,"['__Entity__', 'Transport']",liaison,
1316,"['__Entity__', 'Transport']",passerelle piétonne,
1317,"['__Entity__', 'Transport']",sensibilisation,
1318,"['__Entity__', 'Administrative Area']",Jonction Canada,
1319,"['__Entity__', 'Transport']",Formation,
1320,"['__Entity__', 'Person']",pendulaires,
1321,"['__Entity__', 'Transport']",vélos-stations,
1322,"['__Entity__', 'Administrative Area']",Contournement Ouest,
1323,"['__Entity__', 'Transport']",élargissement,
1324,"['__Entity__', 'Administrative Area']",JAG,
1325,"['__Entity__', 'Transport']",exemplarité,
1326,"['__Entity__', 'Transport']",dissuasion,
1327,"['__Entity__', 'Administrative Area']",Mont-Blanc,
1328,"['__Entity__', 'Transport']",pénétrantes cyclables,
1331,"['__Entity__', 'Organization']",Département des infrastructures,
1332,"['__Entity__', 'Person']",V. Kaufmann,
1333,"['__Entity__', 'Document']",MATRICE D’ACTIONS,
1335,"['__Entity__', 'Project']",projets principaux suivants,
1336,"['__Entity__', 'Transportation']",Transports régionaux,
1337,"['__Entity__', 'Law Article']","Art. 4, al. 1, phrase introductive, lettres a, b, chiffres 2 et 3, lettres a, c et
d (nouvelle teneur), lettre f (nouvelle), chiffre 4 (nouvelle
tenur), al. 1, lettre c (nouvelle teneur), al. 1, lettre f
(nouvelle), al. 2 (nouvelle teneur)",
1338,"['__Entity__', 'Law']",loi sur le réseau des transports publics,
1339,"['__Entity__', 'Organization']",GRAND CONSEIL,
1340,"['__Entity__', 'Transportation']","liaison Cornavin – Eaux-Vives – Annemasse via La Praille – les
Eaux-Vives (CEVA)",
1341,"['__Entity__', 'Transportation']",desserte régionale et transfrontalière de l’agglomération par chemin de fer,
1342,"['__Entity__', 'Law']",Loi modifiant la loi sur le réseau H 1 50,
1343,"['__Entity__', 'Infrastructure']",réseau des transports publics,
1344,"['__Entity__', 'Law']",Loi sur le réseau des transports publics,
1345,"['__Entity__', 'Measure']",mesures suivantes,
1346,"['__Entity__', 'Project']","extension de capacité du nœud de Genève incluant notamment la
construction d’une nouvelle gare souterraine au droit de la gare de
Genève",
1347,"['__Entity__', 'Law']",loi sur le réseau des transports publics (LRTP),
1348,"['__Entity__', 'Infrastructure']",aménagement d’infrastructure nécessaires,
1349,"['__Entity__', 'Region']",République et canton de Genève,
1351,"['__Entity__', 'Phase']",Cornavin – Nations,
1352,"['__Entity__', 'Phase']",traversée de Lancy sans diminution de la capacité routière,
1353,"['__Entity__', 'Phase']",lignes Cornavin – Meyrin,
1354,"['__Entity__', 'Location']",gare de Genève,
1355,"['__Entity__', 'Program']",programme de développement stratégique ferroviaire,
1356,"['__Entity__', 'Location']",Zimeysa,
1357,"['__Entity__', 'Location']",Cherpines,
1358,"['__Entity__', 'Organization']",Confédération suisse,
1359,"['__Entity__', 'Phase']",première étape,
1360,"['__Entity__', 'Phase']",extension en direction de Ferney-Voltaire,
1361,"['__Entity__', 'Phase']",branche entre le Grand-Saconnex et l’Aéroport,
1362,"['__Entity__', 'Phase']",prolongement de la ligne de tramway Cornavin – Place des Nations jusqu’au Grand-Saconnex,
1363,"['__Entity__', 'Organization']",suisses,
1364,"['__Entity__', 'Phase']",prolongement en deux étapes de la ligne de tramway desservant les Palettes en passant par les Cherpines jusqu’à la frontière franco-suisse à Perly,
1365,"['__Entity__', 'Phase']",deuxième étape,
1366,"['__Entity__', 'Phase']",maîtrise d’ouvrage française jusqu’à Saint-Julien,
1367,"['__Entity__', 'Phase']","prolongement Cornavin – rond-point de Plainpalais – Acacias, – Grand-Lancy – Palettes",
1368,"['__Entity__', 'Organization']",françaises,
1369,"['__Entity__', 'Transportation']",transports publics régionaux,
1370,"['__Entity__', 'Phase']",traversée de Perly,
1372,"['__Entity__', 'Construction']",construction,
1373,"['__Entity__', 'Lane']",voies réservées,
1374,"['__Entity__', 'Extension']",extensions,
1375,"['__Entity__', 'Construction']",réalisées,
1376,"['__Entity__', 'Network']",réseau à réaliser,
1377,"['__Entity__', 'CapacityExtension']",extension de capacité,
1378,"['__Entity__', 'Favor']",favorisant,
1379,"['__Entity__', 'Line']",lignes,
1380,"['__Entity__', 'Exit']",sortie,
1381,"['__Entity__', 'Reservation']",réservées,
1382,"['__Entity__', 'Traffic']",trafic général,
1383,"['__Entity__', 'Network']",réseau urbain principal,
1384,"['__Entity__', 'Garage']",possibilités de garage,
1385,"['__Entity__', 'Design']",conçues,
1386,"['__Entity__', 'Tramway']",réseau de tramway,
1387,"['__Entity__', 'Station']",gares ferroviaires,
1388,"['__Entity__', 'Location']",espace public,
1389,"['__Entity__', 'Entrance']",entrée,
1390,"['__Entity__', 'Line']",lignes de transports publics sur pneus,
1391,"['__Entity__', 'Amenagement']",aménagements,
1392,"['__Entity__', 'Line']",lignes secondaires et suburbaines,
1393,"['__Entity__', 'Location']",sites propres,
1394,"['__Entity__', 'Redesign']",réaménagement ponctuel,
1395,"['__Entity__', 'Junction']",nœuds,
1396,"['__Entity__', 'Train']",nœud ferroviaire de Genève,
1397,"['__Entity__', 'Adaptation']",adaptées et améliorées,
1398,"['__Entity__', 'Terminus']",terminus,
1399,"['__Entity__', 'Interface']",interfaces publiques,
1400,"['__Entity__', 'Reorganization']",réorganisation,
1401,"['__Entity__', 'Redesign']",réaménagement,
1402,"['__Entity__', 'Network']",réseau existant,
1403,"['__Entity__', 'Station']",gares CEVA,
1404,"['__Entity__', 'Location']",terminus intermédiaires,
1405,"['__Entity__', 'Tramway']",nœud tramway de Cornavin,
1413,"['__Entity__', 'Law']",Loi sur la gestion administrative et financière de l’Etat,
1414,"['__Entity__', 'Law']",Loi sur l’expropriation pour cause d’utilité publique,
1415,"['__Entity__', 'Law']",Articles 9A et 9D,
1416,"['__Entity__', 'Law']","Article 3, alinéa 1, lettre a",
1419,"['__Entity__', 'Location']",frontières,
1420,"['__Entity__', 'Location', 'Measure']",45 gares,
1421,"['__Entity__', 'Distance']",230 km,
1422,"['__Entity__', 'Location']",Cornavin – Eaux-Vives – Annemasse,
1423,"['__Entity__', 'Population']",un million d’habitants,
1424,"['__Entity__', 'Role']",chargé du Département des infrastructures,
1425,"['__Entity__', 'Person']",Serge Dal Busco,
1426,"['__Entity__', 'Title']",Conseiller d’État,
1428,"['__Entity__', 'Transportation']",ferroviaire,
1429,"['__Entity__', 'Location']",Ain,
1430,"['__Entity__', 'City', 'Location']",Coppet,
1431,"['__Entity__', 'Location']",Evian-les-Bains,
1432,"['__Entity__', 'Transportation']",RegioExpress,
1433,"['__Entity__', 'Location']",Saint-Gervais-les-Bains-le-Fayet,
1434,"['__Entity__', 'Transportation']",TER,
1436,"['__Entity__', 'Product']",offre de transports collectifs,
1437,"['__Entity__', 'Company']",tpg,
1438,"['__Entity__', 'Geographical Area']",Thonon,
1439,"['__Entity__', 'Misc']",au-delà de ces exemples,
1440,"['__Entity__', 'Infrastructure']",gares Léman Express,
1441,"['__Entity__', 'Infrastructure']",liaison à haut niveau de service,
1442,"['__Entity__', 'Misc']",réalisation,
1443,"['__Entity__', 'Product']",OùRA,
1444,"['__Entity__', 'Company']",réseau régional ferroviaire,
1445,"['__Entity__', 'Product']",dessertes en transports collectifs,
1446,"['__Entity__', 'Product']",SwissPass,
1447,"['__Entity__', 'Organization']",autorités françaises,
1448,"['__Entity__', 'Infrastructure']",nouvelles liaisons,
1449,"['__Entity__', 'Company']",Bus Urbain Thononais (BUT),
1450,"['__Entity__', 'Geographical Area']",Bas-Chablais,
1451,"['__Entity__', 'Company']",réseau interurbain,
1452,"['__Entity__', 'Company']",réseaux de transports collectifs transfrontaliers,
1453,"['__Entity__', 'Measure', 'Misc']",mesures de rabattement,
1454,"['__Entity__', 'Company']",Réseau TAC Annemasse,
1455,"['__Entity__', 'Geographical Area']",Yvoire,
1456,"['__Entity__', 'Organization']",partenaires français,
1457,"['__Entity__', 'Geographical Area']",Machilly,
1458,"['__Entity__', 'Geographical Area']",Douvaine,
1459,"['__Entity__', 'Geographical Area']",côté français,
1460,"['__Entity__', 'Company']",réseaux de transports collectifs régionaux,
1461,"['__Entity__', 'Company']",réseaux de transports collectifs urbains,
1462,"['__Entity__', 'Transportation Ticket']",titres de transports,
1463,"['__Entity__', 'Geographical Area']",Perrignier,
1464,"['__Entity__', 'Geographical Area']",Bons-en-Chablais,
1465,"['__Entity__', 'Geographical Area']",Sciez,
1466,"['__Entity__', 'Sales']",achetés,
1467,"['__Entity__', 'Organization']",partenaires vaudois,
1468,"['__Entity__', 'Geographical Area']",presqu’ile,
1471,"['__Entity__', 'City', 'Location']",Grand-Saconnex,
1472,"['__Entity__', 'City']",Genève-Sécheron,
1477,"['__Entity__', 'Pollution']",pollution,
1478,"['__Entity__', 'Behavior']",habitudes de mobilité,
1479,"['__Entity__', 'Transport Service']",nouvelle offre ferroviaire,
1480,"['__Entity__', 'Location']",haltes et gares du Léman Express,
1481,"['__Entity__', 'Region']",région,
1482,"['__Entity__', 'Measure']",mesures d’accompagnement,
1483,"['__Entity__', 'Traffic Jam']",bouchons,
1484,"['__Entity__', 'Behavior']",comportements,
1485,"['__Entity__', 'Project']",projets,
1486,"['__Entity__', 'Transport Network']",réseau de transports collectifs,
1487,"['__Entity__', 'Time']",temps de parcours,
1488,"['__Entity__', 'Location']",pôles de l’agglomération,
1489,"['__Entity__', 'Movement']",déplacements,
1491,"['__Entity__', 'Deployment']",déploiement de la LMCE,
1492,"['__Entity__', 'Measure']",réorganisation de la mobilité selon les principes de la LMCE,
1493,"['__Entity__', 'Report']",report modal,
1494,"['__Entity__', 'Measure']",amélioration de l’offre,
1495,"['__Entity__', 'Line']",lignes en correspondance,
1496,"['__Entity__', 'Plan']",Plan d’Action pour les Transports Collectifs (PATC),
1497,"['__Entity__', 'Organization']",Grand Conseil,
1498,"['__Entity__', 'Measure']",ensemble de mesures complémentaires,
1499,"['__Entity__', 'Mobility']",mobilité par zone,
1502,"['__Entity__', 'Transportation_Infrastructure']",Middle_Belt,
1503,"['__Entity__', 'Transportation_Infrastructure']",Agglomeration_Project,
1504,"['__Entity__', 'Transportation_Mean']",Railway,
1505,"['__Entity__', 'Transportation_Infrastructure']",Mobility,
1506,"['__Entity__', 'Transportation_Network']",PATC,
1507,"['__Entity__', 'City']",LIGNY,
1508,"['__Entity__', 'Law', 'Transportation_Policy']",LMCE,
1509,"['__Entity__', 'Transportation_Infrastructure']",Transportation_Modes,
1510,"['__Entity__', 'Transportation_Policy']",HERMANCE,
1512,"['__Entity__', 'Area']",Zone hypercentre,
1513,"['__Entity__', 'Bus', 'BusLine']",Bus Veyrier / Champel / Grands Esserts,
1514,"['__Entity__', 'Bike Lane']",U-Lacustre cyclable,
1515,"['__Entity__', 'Measure', 'Road']",Voie verte d’agglomération,
1516,"['__Entity__', 'Law']",LOI POUR UNE MOBILITÉ COHÉRENTE ET ÉQUILIBRÉE : MISE EN ŒUVRE,
1517,"['__Entity__', 'Road']",Moyenne ceinture,
1518,"['__Entity__', 'Area']",Zone centres urbains,
1519,"['__Entity__', 'Bus']",Bus Axe Frontenex,
1521,"['__Entity__', 'Location']",CARTIGNY,
1522,"['__Entity__', 'Location']",LANCY,
1523,"['__Entity__', 'Concept']",SCAN_CAR,
1524,"['__Entity__', 'Concept']",MOBILITÉ_DOUCE,
1525,"['__Entity__', 'Location']",CAROUGE,
1526,"['__Entity__', 'Concept']",TRANSPORTS_COLLECTIFS,
1527,"['__Entity__', 'BusLine']",Bus Vernier-Genève,
1528,"['__Entity__', 'Location']",CONFIGNON,
1529,"['__Entity__', 'Concept']",TRANSPORT_PUBLIC,
1530,"['__Entity__', 'TramLine']",Tram Grand-Saconnex,
1531,"['__Entity__', 'Location']",VEYRIER,
1532,"['__Entity__', 'Concept']",STATIONNEMENT,
1533,"['__Entity__', 'TramLine']",Tram St-Julien-en-Genevois,
1534,"['__Entity__', 'Location', 'Place']",Place des Charmilles,
1535,"['__Entity__', 'Location']",AIRE-LA-VILLE,
1536,"['__Entity__', 'Location']",ERNCEXarouge-Rondeau,
1537,"['__Entity__', 'Concept']",VOITURE,
1538,"['__Entity__', 'Location']",CHÊNE-BOUGERIES,
1539,"['__Entity__', 'Location']",PLAN-LES-OUATES,
1541,"['__Entity__', 'Plan']",Plans de mobilité,
1542,"['__Entity__', 'Policy']",Fiscaliser les places de stationnement gratuites sur le lieu de travail,
1543,"['__Entity__', 'Area']",Zones urbaines,
1544,"['__Entity__', 'Number']",Nombre de places de parking,
1545,"['__Entity__', 'Transportation Mode']",Modes doux,
1546,"['__Entity__', 'Regulation']",RPFSP,
1547,"['__Entity__', 'Government Organization']",Conseil d'État,
1548,"['__Entity__', 'Ratio']",Ratios,
1549,"['__Entity__', 'Law']",Priorisation des zones de la loi pour une mobilité cohérente et équilibrée (LMCE),
1553,"['__Entity__', 'Number']",40,
1554,"['__Entity__', 'Number']",300,
1555,"['__Entity__', 'Number']",1000,
1556,"['__Entity__', 'Number']",590,
1557,"['__Entity__', 'Parking']",Trèfle Blanc,
1558,"['__Entity__', 'Number']",1200,
1559,"['__Entity__', 'Location', 'Stationnement vélos']",La Plaine,
1563,"['__Entity__', 'Improvement']",cheminements pour les cycles,
1564,"['__Entity__', 'ResidentialArea']",Bernex-Est,
1565,"['__Entity__', 'Infrastructure']",axe fort pour les transports publics,
1566,"['__Entity__', 'Infrastructure']",route de Pré-Bois,
1567,"['__Entity__', 'Improvement']",cheminements pour les piétons,
1568,"['__Entity__', 'ResidentialArea']",Les Grands Esserts,
1569,"['__Entity__', 'Improvement']",aménagements en faveur des transports publics,
1570,"['__Entity__', 'ResidentialArea']",Communaux d’Ambilly,
1571,"['__Entity__', 'ResidentialArea']",Les Vergers,
1572,"['__Entity__', 'Infrastructure']",axes forts,
1573,"['__Entity__', 'ResidentialArea']",Les Cherpines,
1574,"['__Entity__', 'Improvement']",aménagements paysagers,
1576,"['__Entity__', 'Project']",Extension du tram 12,
1577,"['__Entity__', 'Location']",Perly – Saint-Julien-en-Genevois,
1578,"['__Entity__', 'Project']",Bus à haut niveau de service,
1579,"['__Entity__', 'Location']",Frontenex,
1580,"['__Entity__', 'Location']",Champel – Grands Esserts,
1581,"['__Entity__', 'Project']",Liaison ferroviaire Cornavin – Eaux-Vives – Annemasse,
1582,"['__Entity__', 'Measure']",230 km de ligne,
1583,"['__Entity__', 'Location']",Carouge – Grands Esserts – Veyrier,
1584,"['__Entity__', 'Location']",Genève – Vernier – ZIMEYSAVER,
1585,"['__Entity__', 'Project']",Extension du tram 14,
1586,"['__Entity__', 'Location']",Bernex – En Vailly,
1587,"['__Entity__', 'Project']",Ligne urbaine,
1589,"['__Entity__', 'Year', 'Date']",2023,
1590,"['__Entity__', 'Road']",Boulevard des Abarois,
1591,"['__Entity__', 'Infrastructure']",Gare de Cornavin,
1592,"['__Entity__', 'Road']",route d’Annecy,
1593,"['__Entity__', 'Date']",fin 2022,
1594,"['__Entity__', 'Location']",Bernex Nord,
1595,"['__Entity__', 'Road']",Barreau routier du plateau de Monfleury,
1596,"['__Entity__', 'Road']",Liaisons routières de Genève Sud - L1,
1597,"['__Entity__', 'Date']",2031,
1598,"['__Entity__', 'Date']",fin 2024,
1599,"['__Entity__', 'Location']",Communaux d'Ambilly,
1600,"['__Entity__', 'Road']",Liaisons routières de Genève Sud - L2,
1601,"['__Entity__', 'Date']",fin 2023,
1602,"['__Entity__', 'Location']",Canada,
1603,"['__Entity__', 'Road']",Demi-jonction autoroutière de Vernier,
1604,"['__Entity__', 'Location']",Vengeron,
1605,"['__Entity__', 'Location']",P47,
1606,"['__Entity__', 'Date']",fin 2025,
1607,"['__Entity__', 'Road']",Construction d’un accès routier,
1608,"['__Entity__', 'Road']",Autoroute de contournement,
1609,"['__Entity__', 'Road']",autoroute,
1610,"['__Entity__', 'Road']",Jonction autoroutière du Grand-Saconnex,
1611,"['__Entity__', 'Node']",route de Pierre-Grand,
1612,"['__Entity__', 'Vehicle']",Télécabine urbain Bardonnex,
1613,"['__Entity__', 'Road']",route de Saconnex-d’Arve,
1615,"['__Entity__', 'Road']",autoroute de contournement,
1616,"['__Entity__', 'Year']",2025,
1617,"['__Entity__', 'Year']",après 2030,
1618,"['__Entity__', 'Road']",bouclement autoroutier,
1619,"['__Entity__', 'Event']",mise en service intégrale du Léman Express,
1620,"['__Entity__', 'Year']",2027,
1621,"['__Entity__', 'Road']",jonction de Lancy-Sud,
1622,"['__Entity__', 'Road']",jonction autoroutière,
1623,"['__Entity__', 'Year']",2028,
1624,"['__Entity__', 'Year']",2040,
1625,"['__Entity__', 'Road']",la route de Pierre-Grand,
1627,"['__Entity__', 'Measure']",Aménagement de l’interface de Chêne-Bourg,
1628,"['__Entity__', 'Measure']",Mise en place de la ligne 17 Annemasse - Genève,
1629,"['__Entity__', 'Measure']",Construction d’une vélostation de 250 places et 164 places vélo prévues sur l’espace public,
1630,"['__Entity__', 'Website']",www.ceva.ch,
1631,"['__Entity__', 'Measure']",Construction de 50 places P+R,
1632,"['__Entity__', 'Measure']",Réalisation d’un maillage mobilité douce et d’aménagements paysagers dans la centralité des Trois-Chêne,
1633,"['__Entity__', 'Measure']",Construction de 100 places P+R,
1634,"['__Entity__', 'Measure']",Création des lignes 38 et H et modification des tracés des lignes C et 31,
1635,"['__Entity__', 'Measure']",Modification du tracé de la T,
1636,"['__Entity__', 'Measure']",Construction d’une vélostation de 500 places,
1637,"['__Entity__', 'Measure']",Construction d’une vélostation de 230 places,
1638,"['__Entity__', 'Measure']",Aménagement de 135 places pour deux-roues motorisées dans le parking souterrain,
1641,"['__Entity__', 'Infrastructure']",P+R de l’Étoile,
1642,"['__Entity__', 'Line']",Ligne 62,
1643,"['__Entity__', 'Line']",Ligne 42,
1644,"['__Entity__', 'Infrastructure']",Avenue de la Praille,
1645,"['__Entity__', 'Line']",Ligne K,
1646,"['__Entity__', 'Infrastructure']",Piste cyclable sur la route de la Chapelle,
1647,"['__Entity__', 'TransportLine', 'Line']",Ligne 43,
1648,"['__Entity__', 'Infrastructure']",Promenade des Crêtes,
1649,"['__Entity__', 'Infrastructure', 'Facility']",Aménagements cyclables,
1650,"['__Entity__', 'Location']",Route de la Chapelle,
1651,"['__Entity__', 'Infrastructure']",Passage sous la route du Grand-Lancy,
1652,"['__Entity__', 'Line']",Ligne J,
1653,"['__Entity__', 'Location']",Jacques-Grosselin,
1654,"['__Entity__', 'Infrastructure']",Piste cyclable,
1655,"['__Entity__', 'Location']",Chemin des Palettes,
1656,"['__Entity__', 'Infrastructure']",Interface de Lancy-Pont-Rouge,
1658,"['__Entity__', 'TransportMeasure']",Création de la ligne Y : Avusy – Soral,
1659,"['__Entity__', 'TransportMeasure']",Aménagement de 200 places P+R,
1660,"['__Entity__', 'TransportMeasure']",92 places P+R,
1661,"['__Entity__', 'TransportLine']",Ligne T,
1662,"['__Entity__', 'TransportLine']",Ligne X,
1663,"['__Entity__', 'TransportMeasure']",Projet CFF d’aménagement d’un « Hub mobilité » incluant un P+R de 200 places,
1664,"['__Entity__', 'TransportLine']",Ligne P,
1665,"['__Entity__', 'TransportMeasure']",Optimisation des espaces publics pour l’accessibilité à la gare de Satigny,
1666,"['__Entity__', 'TransportLine']",Ligne S,
1667,"['__Entity__', 'TransportLine']",Ligne 54,
1668,"['__Entity__', 'TransportMeasure']",Passage inférieur pour mobilité douce,
1669,"['__Entity__', 'TransportLine']",Ligne W,
1670,"['__Entity__', 'TransportLine']",Ligne 21,
1671,"['__Entity__', 'TransportMeasure']",Parking couvert de 36 places vélos dans le cadre du projet d’aménagement de la gare,
1672,"['__Entity__', 'Location']",Satigny,
1673,"['__Entity__', 'TransportMeasure']",Couvert vélos de 25 places dans le cadre des travaux de réaménagement du parvis de la gare,
1674,"['__Entity__', 'TransportMeasure']",Intégration dans une zone 30km/h de la route cantonale située devant la gare,
1676,"['__Entity__', 'TransportLine']",BHNS Genève – Vernier – Zimeysa,
1677,"['__Entity__', 'TransportLine']",Itinéraire modes doux reliant Meyrin Village,
1678,"['__Entity__', 'TransportLine']",Ligne 56,
1679,"['__Entity__', 'Place']",VERNIER,
1680,"['__Entity__', 'Place']",ZIMEYSA,
1681,"['__Entity__', 'Place']",MEYRIN,
1682,"['__Entity__', 'TransportLine']",Ligne 57,
1685,"['__Entity__', 'Place']",Versoix,
1686,"['__Entity__', 'Place']",Avenue de la Paix,
1687,"['__Entity__', 'Facility']",Stationnements vélos,
1688,"['__Entity__', 'Place']",Les Tuileries,
1689,"['__Entity__', 'Place']",Gare Genthod-Belleveue,
1690,"['__Entity__', 'Facility']",Stationnement vélos,
1691,"['__Entity__', 'Place']",Chambésy,
1692,"['__Entity__', 'Facility']",Aménagements mobilité douce,
1693,"['__Entity__', 'Place']",Genthod-Belleveue,
1694,"['__Entity__', 'Place']",Gare Versoix,
1695,"['__Entity__', 'Facility']",Aménagements P+R,
1697,"['__Entity__', 'Infrastructure']",Feux,
1698,"['__Entity__', 'Infrastructure']",Aménagement cyclable,
1699,"['__Entity__', 'Location']",Moyenne ceinture routière,
1700,"['__Entity__', 'Infrastructure']",Giratoires Motta/Dunand,
1701,"['__Entity__', 'Street']",Rue des Terreaux-du-Temple,
1702,"['__Entity__', 'Street']",avenue de la Paix,
1703,"['__Entity__', 'Location']",Halte 3,
1704,"['__Entity__', 'Transport']",Ligne F,
1705,"['__Entity__', 'Infrastructure']",Parking,
1706,"['__Entity__', 'Street']",Rue des Alpes,
1707,"['__Entity__', 'Location']",Meyrin Village,
1708,"['__Entity__', 'Infrastructure']",Aménagement P+R,
1709,"['__Entity__', 'Location']",GENÈVE-SÉCHERON,
1710,"['__Entity__', 'Infrastructure']",Carrefour à feux,
1711,"['__Entity__', 'Infrastructure']",Aménagement mobilité douce,
1712,"['__Entity__', 'Infrastructure']",Giratoires Pailly/Crozets,
1713,"['__Entity__', 'Transport']",Ligne 28,
